id,name,name_alternative,location,parent_id,parent_name
1-tristar-gym,Tristar Gym,,"Montreal, Quebec, Canada",,
10-arrachion-olsztyn,Arrachion Olsztyn,,"Olsztyn, Poland",,
10009-chunbo-mixed-martial-arts-club,Chunbo Mixed Martial Arts Club,"广州春波综合格斗俱乐部, Windmill Jiu Jitsu","Guangzhou, Guangdong, China",,
10026-mafia-013,DAMAS 013,,"Santos, Sao Paulo, Brazil",,
10030-outsiders-combat-club,Outsiders Combat Club,,"Oklahoma City, Oklahoma",,
1004-rusfighters-mma,RusFighters MMA,"RusFighters Sport Club Gym, Спортивная команда","St. Petersburg, Russia",,
1005-wajyutsu-keisyukai,Wajutsu Keishukai Tokyo,"和術慧舟會, 和術慧舟會RJW, 和術慧舟會 東京道場, Wajutsu Keishukai Tokyo Headquarters, Wajutsu Keishukai Tokyo","Koto, Tokyo, Japan",,
10093-real-kombat-technique,Real Kombat Technique,RKT,"Brasilia, Federal District, Brazil",,
10094-ct-wr,CT WR,"WR Team, Centro de Treinamento WR","Vicosa, Minas Gerais, Brazil",,
1010-tag-mma,TAG MMA,TAG Mixed Martial Arts,"Morganfield, KY",,
10139-fifty-50-martial-arts-academy,Fifty/50 Martial Arts Academy,,"Falls Church, Virginia",,
10170-woirin-team-elite,Woirin Team Elite,WTE,France,,
10184-10th-planet-austin,10th Planet Austin,,"Austin, Texas",228-10th-planet-jiu-jitsu,10th Planet Jiu Jitsu
1019-para-bellum-mma,Para Bellum MMA,,"Oakville, Ontario, Canada",,
10218-ecr-fight-center,ECR Fight Center,Bujutsu Jiu Jitsu,"Cancun, Quintana Roo, Mexico",,
1022-team-shredder,Team Shredder,,"Sudbury, Ontario, Canada",,
1028-pure-fitness-mma,Pure Fitness MMA,,"Red Deer, Alberta, Canada",,
1030-krepost-fight-club,Krepost Fight Club,,"Moscow, Russia",,
10310-american-combat-gym,American Combat Gym,,"Boca Raton, Florida",,
1035-advanced-martial-arts,Advanced Martial Arts,,"North Brunswick, New Jersey",,
10372-team-kioshi,Team Kioshi,Team Kioshi BJJ,"Itapetininga, Sao Paulo, Brazil",,
10375-gordin-fight-team,Gordin Fight Team,,"Belo Horizonte, Minas Gerais, Brazil",,
10377-brazilian-black-thai,Brazilian Black Thai,BBT,"Jundiaí, São Paulo, Brazil",,
10378-cwb-fighter,CWB Fighter,,"Duque de Caxias, Rio de Janeiro, Brazil",,
10386-fighting-nerds,Fighting Nerds,The Fighting Nerds Combat Club,"Sao Paulo, Sao Paulo, Brazil",,
10396-bangtao-muay-thai-mma,Bangtao Muay Thai & MMA,,"Phuket, Thailand",,
10400-bulgarian-top-team,Bulgarian Top Team,,"Sofia, Bulgaria",,
1046-impact-jiu-jitsu,Impact Jiu Jitsu,Impact Jiu-Jitsu,"Beaverton, Oregon",,
10470-muradov-legion-team,Muradov Legion Team,,"Tashkent, Uzbekistan",,
10476-fighters-angels,Fighters Angels,,"Venice, Italy",,
10481-alfa-team,Alfa Team,,"Córdoba, Argentina",,
10526-range-martial-arts-academy,Range Martial Arts Academy,Gloucester Range Fighters,"Gloucester, England",,
10528-soma-fight-club,Soma Fight Club,,Bali,,
1054-rose-city-fc,Rose City FC,,"Portland, Oregon",,
10559-frey-mma,Frey MMA,,"Fort Worth, Texas, USA",,
1057-sports-lab,Sports Lab,,"Portland, Oregon",,
1059-team-quest-portland,Team Quest Portland,,"Portland, Oregon",902-team-quest,Team Quest
1066-amc-pankration,AMC Pankration,,"Kirkland, Washington",,
10661-galpao-da-luta,Galpão da Luta,Galpao da Luta,"Salvador, Bahia, Brazil",,
10681-brothers-of-life-mma,Brothers of Life MMA,,"Mar de Plata, Argentina",,
10684-american-top-team-brasil,American Top Team Brasil,ATT Brasil,"Curitiba, Paraná, Brazil",,
10701-team-lucas-mineiro,Team Lucas Mineiro,Team Mineiro,"São Paulo, Brazil",,
10702-amazon-school,Amazon School,,"São Paulo, Brazil",,
1075-c3-mma,Charlie's Combat Club,,"Everett, Washington",,
10750-carolina-combat-sports-and-fitness,Carolina Combat Sports and Fitness,,"Indian Trail, North Carolina",,
10760-fight4life-home,Fight4Life Home,,"Alboraya, Valencia, Spain",,
1077-combat-sport-fitness,Combat Sport & Fitness,,"Enumclaw, Washington",,
10792-orion-mma-academy,Orion MMA Academy,,"Tønsberg, Norway",,
10799-mma-013,Insanis MMA 013,,"Guarujá, São Paulo, Brazil",,
108-team-alpha-male,Team Alpha Male,Urijah Faber's Ultimate Fitness,"Sacramento, California",,
10810-pharaohs-muay-thai,Pharaohs Muay Thai,,"Sparta, New Jersey",,
10830-top-team-salzburg,Top Team Salzburg,,"Salzburg, Austria",,
1084-gladiator-mma,Gladiator MMA,,"Vancouver, Washington",,
10848-10th-planet-jiu-jitsu-bethlehem,10th Planet Jiu Jitsu Bethlehem,Finishers MMA,"Bethlehem, Pennsylvania",766-10th-planet-jiu-jitsu-van-nuys,10th Planet Jiu Jitsu Van Nuys
10851-pat-smith-s-pit,Pat Smith's Pit,,"Cuba, Missouri",,
10858-new-england-cartel,New England Cartel,,"Haverhill, Massachusetts",,
10877-budapest-top-team,Budapest Top Team,,"Budapest, Hungary",,
10883-dar-pro-team-kazakhstan,Dar Pro Team Kazakhstan,Darteam,"Almaty, Kazakhstan",,
10911-black-lion-jiu-jitsu-academy,Black Lion Jiu Jitsu Academy,Team Kroyler Gracie,"Byron Center, Michigan",,
1096-ring-demon-jiu-jitsu,Ring Demon Mixed Martial Arts Academy,Ring Demon MMA,"Kent, Washington",,
10971-lion-club-comrat,Lion Club Comrat,Lion Fight Academy,"Comrat, Moldova",,
1098-sikjitsu,Sikjitsu,Sik-jitsu,"Spokane, Washington",,
1102-united-training-center,United Training Center,UTC MMA,"Olympia, Washington",,
1104-victory-athletics,Victory Athletics,,"Lakewood, Washington",,
1105-warrior-camp-mma,Warriorcamp MMA,,"Spokane, Washington",,
11085-team-taila-santos,Team Taila Santos,,"Florianópolis, Santa Catarina, Brazil",,
11086-tigre-mma,Tigre MMA,,"San Miguel, Heredia, Costa Rica",,
1109-fight-club-no-1,Fight Club No. 1,Martial Arts Club №1,"Moscow, Russia",,
1111-combat-fitness,SBG Idaho,Combat Fitness,"Boise, Idaho",36-straight-blast-gym-ireland,SBG Ireland
11132-kimura-team-jorjao,Kimura Team Jorjão,,"Natal, Rio Grande do Norte, Brazil",4111-kimura-nova-unio,Kimura
11135-team-brothers,Team Brothers,,"Niterói, Rio de Janeiro, Brazil",,
11163-umf,UMF Johannesburg,Ultimate MMA Fitness,"Johannesburg, Gauteng, South Africa",,
11225-marathon-mma,Marathon MMA,,"Overland Park, Kansas",,
11300-ct-thai-brasil-floripa,CT Thai Brasil Floripa,,"Centro Comercial Albino, Santa Catarina, Brazil",,
1132-fighting-eagle,Berkut FC,Fighting Eagle,"Khasavyurt, Russia",,
1135-academy-of-combat-arts,Academy of Combat Arts,AOCA,"Fargo, North Dakota",,
11352-la-base-mma,La Base MMA,La Base MMA Training Center,"Santa Cruz de la Sierra, Bolivia",,
11353-fight-me-combat-sports,Fight Me Combat Sports,,"Fort Myers, Florida",,
1137-next-edge-academy-of-martial-arts,Next Edge Academy of Martial Arts,,"Sioux Falls, South Dakota",,
1138-ambition-training-academy,Ambition Training Academy,Ambition MMA,"Eagan, Minnesota",,
114-korean-zombie-mma,Korean Zombie MMA,코리안좀비MMA 정찬성짐,"Seoul, Korea",,
1142-mankato-martial-arts,Mankato Martial Arts,,"Mankato, Minnesota",,
1143-minnesota-fight-factory,Minnesota Fight Factory,,"Minneapolis, Minnesota",,
1145-spartan-mma,Spartan MMA,,"Oakdale, Minnesota",,
1147-des-moines-jiu-jitsu-academy,Des Moines Jiu Jitsu Academy,DMJJA,"Des Moines, Iowa",,
1148-des-moines-mma-academy,Des Moines MMA Academy,Porcelli's Training Center,"Des Moines, Iowa",,
1149-miletich-fighting-systems,Miletich Fighting Systems,"Miletich Martial Arts, Gravity Fitness Center","Bettendorf, Iowa",,
1150-roufusport-mma-academy,Roufusport MMA Academy,,"Milwaukee, Wisconsin",,
1151-roundkick-gym,Roundkick Gym,Round Kick MMA,"Urbandale, Iowa",,
1152-adrian-serrano-combat-sports-gym,Adrian Serrano Combat Sports Gym,Serrano’s Combat Academy,"Milwaukee, Wisconsin",,
1153-agallar-combative-systems,Agallar Combative Systems,,"Racine, Wisconsin",,
11539-climax-fight-academy,Climax Fight Academy,,"Lyon, France",,
1154-chosen-few-gym,Capital City MMA & BJJ,Chosen Few Fight Team,"McFarland, Wisconsin",,
1157-dave-strassers-freestyle-academy,Dave Strasser's Freestyle Academy of MMA,,"Kenosha, Wisconsin",,
11576-team-hammer,Team Hammer,Park's Tae Kwon Do Training & Fitness,"Loveland, Ohio",,
11578-world-kickboxing-academy,World Kickboxing Academy,,"Cuyahoga Falls, Ohio",,
11607-team-jaula-bahamondes,Team Jaula Bahamondes,,"Santiago de Chile, Chile",,
11622-ignite-jiu-jitsu-mma-academy,Ignite Jiu Jitsu & MMA Academy,,"Gladstone, Missouri",,
11654-endrah-mma,Endrah MMA,Endrah Mixed Martial Arts,"Bauru, Sao Paulo, Brazil",,
1167-central-illinois-combat-club,Central Illinois Combat Club,,Illinois,,
1168-chicago-fight-team,Chicago Fight Team,,"Chicago, Illinois",,
1169-combat-do,Combat-Do,Combat Do,"Court Cicero, Illinois",,
117-the-jungle-mma-fitness,The Jungle MMA & Fitness,,"Orlando, Florida 32803",,
1170-finneys-hit-squad,Finney's HIT Squad,Finney's MMA,"Granite City, Illinois",,
1171-fiore-mma,Fiore MMA,The MMA Clinic,"Springfield, Illinois",,
1173-midwest-training-center,Midwest Training Center,MTC,"Schaumburg, Illinois",,
11777-mascote-team,Mascote Team,,"Guarulhos, Sao Paulo, Brazil",,
11778-roots-combat-club,Roots Combat Club,,"Bloomfield Township, Michigan",,
11805-bandog-fight-club,Bandog Fight Club,,"Gijon, Spain",,
11806-allstars-gym-spain,AllStars Gym Spain,Allstars Training Center Torrevieja,"Torrevieja, Valencia",1837-allstars-training-center,Allstars Training Center
11815-ground-system-gym-nitra,Ground System Gym Nitra,,"Nitra, Slovakia",,
1183-nick-catones-mma-fitness,Nick Catone MMA & Fitness,,"Brick, New Jersey",,
1189-glory-mma-and-fitness,Glory MMA and Fitness,Grindhouse MMA,"Lee's Summit, Missouri",,
11895-mk-muay-thai,MK Muay Thai,,"Fair Lawn, New Jersey",,
1192-springfield-fight-club,Springfield Fight Club,,"Springfield, Missouri",,
1193-st-charles-mma,St Charles MMA,Saint Charles Brazilian Jiu Jitsu,"St. Charles, Missouri",,
1194-team-destruction,Team Destruction,Destruction MMA,"Farmington, Missouri",,
120-gilbert-grappling,Gilbert Grappling,G2 Training Center,"Country Club Hills, Illinois",,
1200-murcielago-mma,Murcielago MMA,,"Lansing, Michigan",,
1202-triumph-mma,Triumph MMA,,"Grand Rapids, Michigan",,
1203-alexander-nevsky-st-petersburg,Alexander Nevsky (St. Petersburg),,"St. Petersburg, Russia",,
12035-team-zarrukh-adashev,Team Zarrukh Adashev,The Lion MMA,"Brooklyn, New York",,
1206-bronx-hill-mma,Bronx Hill MMA,,"Jeffersonville, Indiana",,
1207-bulldog-fight-team,Bulldog Fight Team,,Indiana,,
1209-duneland-vale-tudo,Duneland Vale Tudo,,"Hobart, Indiana",,
121-team-bombsquad,Team Bombsquad,,"Ithaca, New York",122-ultimate-athletics,Ultimate Athletics
12101-borg-martial-arts,Borg Martial Arts,,"Albuquerque, New Mexico",,
12103-snake-team,Snake Team,,163 Avenue Joffre,,
12112-flipside-team,Flipside Team,,Singapore,,
1213-indy-boxing-grappling,Indy Boxing & Grappling,,"Indianapolis, Indiana",,
1214-integrated-fighting-academy,Integrated Fighting Academy,,"Indianapolis, Indiana",,
12142-muskoka-martial-arts,Muskoka Martial Arts,,"Gravenhurst, Ontario, Canada",,
1219-torres-martial-arts-academy,Torres Martial Arts Academy,,"Hobart, Indiana",,
12192-ko-squad-mma,KO Squad MMA,,"Rio de Janeiro, Brazil",,
1220-united-gym,United Gym,"United Gym Łódź, CSW United Gym","Łódź, Poland",,
12210-cyfit,CYFIT,,"Bayonne, France",,
1222-all-american-mma,All American MMA,,"Mount Washington, Kentucky",,
12259-bloodline-combat-sports,Bloodline Combat Sports,,,,
12263-marquez-mixed-martial-arts,Marquez Mixed Martial Arts,,"Philadelphia, Pennsylvania",,
1228-four-seasons-martial-arts,Four Seasons Martial Arts & Fitness,4 Seasons MMA,"Lexington, Kentucky",,
1242-knoxville-martial-arts-academy,Knoxville Martial Arts Academy,"KMAA, Knoxville MMA","Knoxville, Tennessee",,
12436-brazilian-tko,Brazilian TKO,,"Curitiba, Paraná, Brazil",,
1244-nashville-mma,Nashville MMA Training Camp,,"Nashville, Tennessee",,
1245-shield-systems-mma,Shield Systems MMA,,"Knoxville, Tennessee",,
1246-ssf-submission-academy,SSF Submission Academy,Clarksville MMA,"Clarksville, Tennessee",,
1248-abu-dhabi-top-team,Abu Dhabi Top Team,,"Abu Dhabi, United Arab Emirates",,
1254-alan-belcher-mma-club,"American Top Team D’Iberville, MS","Remix MMA, ABMMA","D'Iberville, Mississippi",29-american-top-team,American Top Team
12641-the-block-combat-and-conditioning-centre,THE BLOCK,,"Bali, Indonesia",,
1265-peresvet-ft,Peresvet FT,Peresvet Fight Team,"Rostov-on-Don, Russia",,
1274-fight-fit-militia,Fight Fit Militia,FFM,"Johannesburg, South Africa",,
12789-gaea-project,GAEA Project,,"Sao Paulo, Sao Paulo, Brazil",,
1288-martinez-bjj,Martinez BJJ,,"Philadelphia, Pennsylvania",,
129-tristar-quebec,Tristar Quebec,Nordik Fight Club,"Quebec City, Quebec, Canada",1-tristar-gym,Tristar Gym
1293-africa-top-team,Africa Top Team,,"Cape Town, South Africa",,
1309-poland-top-team,Akademia Sportów Walki Wilanów,,"Warsaw, Poland",,
13123-is-360-sport-academy,IS 360 Sport Academy,,"Kuala Lumpur, Malaysia",,
13178-ntg-fight-fitness,NTG Fight & Fitness,,"Brisbane, QLD, Australia",,
13190-team-cobra-mma,Team Cobra MMA,,,,
133-lauzon-mixed-martial-arts,Lauzon Mixed Martial Arts,Team Aggression,"Raynham, Massachusetts",,
1338-evolucao-thai-mma,Evolução Thai MMA,Evolucao Thai MMA,"Toronto, Ontario, Canada",7184-evolucao-thai-mma,Evolução Thai MMA
1340-ronin-mma,Ronin MMA,,"Ottawa, Ontario, Canada",,
1355-wulfrun-mma,Wulfrun MMA,Gracie Jiu-Jitsu Prince Edward Island,"Charlottetown, Prince Edward Island, Canada",,
1386-american-top-team-atlanta,American Top Team Atlanta,,"Atlanta, Georgia",29-american-top-team,American Top Team
1387-fight-club-pittsburgh-mma,Fight Club Pittsburgh MMA,,"Pittsburgh, Pennsylvania",,
14-phuket-top-team,Phuket Top Team,PTT,"Phuket, Thailand",,
1403-american-top-team-orlando,American Top Team Orlando,ATT Orlando,"Orlando, Florida",,
1406-bulldog-boxing,Bulldog Boxing,,"Jacksonville, Florida",,
1412-gracie-barra-orlando,Gracie Barra Orlando,,"Orlando, Florida",271-gracie-barra,Gracie Barra
1417-inferno-mma,Inferno MMA,,"Naples, Florida",,
142-s4-fight-team,S4 Fight Club,"S4 Fight CrossGym Club, S4 Fight Team","Warsaw, Poland",,
1422-team-popovitch-academy,Team Popovitch Academy,,"Oakland Park, Florida",,
1424-the-armory,The Armory,,"Jupiter, Florida",,
1428-ascension-mixed-martial-arts,Ascension Mixed Martial Arts,Ascension MMA,"Atlanta, Georgia",,
143-mighty-bulls-gdynia,Mighty Bulls Gdynia,Mighty Bulls Team,"Gdynia, Poland",,
1435-hardcore-gym,SBG Athens,Straight Blast Gym Athens,"Athens, Georgia",615-straight-blast-gym-international,SBGi Portland
1438-iron-clutch-fitness,Iron Clutch Fitness,,"Marietta, Georgia",,
144-team-legion,Team Legion,Centre de développement sportif AthletX,"Victoriaville, Quebec, Canada",,
1444-x3-sports,X3 Sports,,"Atlanta, Georgia",,
1455-warrior-mixed-martial-arts,Warrior Mixed Martial Arts,,"Newmarket, Ontario, Canada",,
146-bastion-tychy,Bastion Tychy,Bastion Tychy Gracie Barra Team Draculino,"Tychy, Poland",271-gracie-barra,Gracie Barra
1460-joslins-mma,Joslin's MMA,,"Hamilton, Ontario, Canada",,
1462-tapout-burlington,Tapout Burlington,,"Burlington, Ontario, Canada",,
1468-team-cit,Team CIT,CIT,"Pretoria, South Africa",,
147-lutadores-opole,Lutadores Opole,,"Opole, Poland",,
1474-revolution-mma,Revolution Mixed Martial Arts,Revolution MMA and Performance Fitness,"Inman, South Carolina",,
1480-hayastan-imb-mma,Hayastan MMA Charlotte,,"Matthews, North Carolina",,
1481-renegade-fighting-systems,Renegade Fighting Systems,Team Renegade,"Charlotte, North Carolina",,
1485-team-roc,Team ROC,Team R.O.C.,"Fayetteville, North Carolina",,
1506-carlson-gracie-team-ohio,Carlson Gracie Team Ohio,,"Columbus, Ohio",,
1509-demolition-fight-team,Demolition Fight Team,,"Findlay, Ohio",,
1514-fight-farm,Fight Farm,,"Mansfield, Ohio",,
1517-griffonrawl-mma-academy,GriffonRawl MMA Academy,,"Mentor, Ohio",,
1519-jg-mma-academy,JG MMA Academy,"Jorge Gurgel MMA, Team Jorge Gurgel","Butler County, Ohio",,
1530-ronin-training-center,Ronin Training Center,,"Columbus, Ohio",,
1532-strong-style-fight-team,Strong Style Fight Team,Strong Style Mixed Martial Arts & Training,"Independence, Ohio",,
1534-team-impact,Team Impact,,"East Liverpool, Ohio",,
1535-team-vision-mma,Vision MMA,Vision Fitness and MMA,"Cincinnati, Ohio",,
1545-art-of-war-mma-fitness,Art of War MMA & Fitness,,"Eugene, Oregon",,
1556-upstate-karate,Upstate Karate,Team Pitch Black MMA,"Simpsonville, South Carolina",,
1559-clinch-academy,Clinch Academy,,"Frederick, Maryland",,
1560-crazy-88-brazilian-jiu-jitsu,Crazy 88 Brazilian Jiu jitsu,Crazy 88 MMA,"Elkridge, Maryland",,
1562-ground-control-academy,Ground Control Academy,,"Baltimore, Maryland",,
1563-mpf-training-systems,MPF Training Systems,,"Huntington Beach, California",,
1566-shaddock-mma-academy,Shaddock MMA Academy,,"Sykesville, Maryland",,
1567-golden-glory,Golden Glory,,"Pattaya, Thailand",,
1568-team-lloyd-irvin,Team Lloyd Irvin,Lloyd Irvin MMA,"Camp Springs, Maryland",,
1569-302-bjj,302 BJJ,302 MMA,"Wilmington, Delaware",,
1573-tatsujin-dojo,Tatsujin Dojo Deventer,,"Deventer, Netherlands",,
1587-k-dojo-warrior-tribe,K-Dojo Warrior Tribe,,"Fairfield, New Jersey",,
1594-silver-fox-bjj,Silver Fox BJJ,SFX,"Saddle Brook, New Jersey",,
1601-balance-studios,Balance Studios,Team Balance,"Philadelphia, Pennsylvania",,
1611-northeast-jiu-jitsu,Northeastern Jiu Jitsu,,"Swoyersville, Pennsylvania",,
1618-personal-training-tactics,Personal Training Tactics,PTT,"Pittsburgh, Pennsylvania",,
162-uno-dojo,UNO DOJO,,"Tokyo, Japan",,
1625-808-fight-factory,808 Fight Factory,"Powerhouse Gym, 808 Top Team","Waimalu, Hawaii",,
1628-gracie-technics,Gracie Technics,Gracie Techniques,"Honolulu, Hawaii",,
1629-hmc-academy,HMC Academy,"Hawaii Martial Arts Center, Team HMC, Team Chinaman, HMC格闘技留学ハワイ, ハワイ格闘技留学","Honolulu, Hawaii",,
1631-jesus-is-lord-gym,Jesus is Lord,,"Honolulu, Hawaii",,
1632-martial-arts-co,Martial Arts Co.,Martial Arts Company,"Kailua Village, Hawaii",,
1633-mma-development,MMA Development,,"Honolulu, Hawaii",,
1639-west-oahu-mma,West Oahu MMA,,"Waianae, Hawaii",,
1661-lionsport-mma,LionSport MMA,American Top Team New York,"Franklin Square, New York",,
1666-brooklyn-mma,Brooklyn MMA,,"Brooklyn, New York",,
1668-class-one-mma,Class One MMA,C1 MMA,"Brooklyn, New York",,
167-evolve-mma,Evolve MMA,,Singapore,,
168-tribe-tokyo-mma,TRIBE TOKYO MMA,,"Tokyo, Japan",,
1696-serra-jiu-jitsu,Serra Jiu-Jitsu,Serra BJJ,"Huntington, New York",,
1704-karate-mafia-mma-relson-gracie-bjj,Karate Mafia MMA,,"Shreveport, Louisiana",,
1706-relson-gracie-brazilian-jiu-jitsu-bossier-city,Relson Gracie Brazilian Jiu Jitsu,Relson Gracie BJJ,"Shreveport, Louisiana",,
1714-dexter-mma,Team Dexter Vale Tudo,"Dexter MMA, Roughhouse","Groton, Connecticut",,
1721-thornton-martial-arts,Thornton Martial Arts,,"Hartford, Connecticut",,
1727-tim-burrill-brazilian-jiu-jitsu,Tim Burrill Brazilian Jiu-Jitsu,,"Providence, Rhode Island",,
1756-grabaka,GRABAKA,,,,
1777-hammers-team,Hammers Team,,"Nuremberg, Germany",,
1782-piranha-grappling-team,Piranha Grappling Team,,"Gdynia, Poland",,
181-mma-masters,MMA MASTERS,,"Miami, Florida",,
1813-genesis-bjj,Genesis BJJ,Genesis Brazilian Jiu Jitsu,"River Oaks, Texas",,
1832-impact-mma,Impact MMA,Impact Gym,Singapore,,
1837-allstars-training-center,Allstars Training Center,,"Stockholm, Sweden",,
184-team-nogueira-dubai,Team Nogueira Dubai,,"Dubai, United Arab Emirates",98-team-nogueira,Team Nogueira
1847-penn-fitness-training-center,Penn Fitness & Training Center,BJ Penn Fitness & Training,"Hilo, Hawaii",,
185-ama-fight-club,AMA Fight Club,,"Whippany, New Jersey",,
1855-total-mma-studios,Total MMA Studios,Brazilian Top Team Orange County,"Tustin, California",,
1856-tracy-hess-subfighter-mma,Tracy Hess' Subfighter MMA,,"Seal Beach, California",,
1862-jetsaam-gym-brno,JETSAAM GYM BRNO,,"Brno, Czech Republic",,
188-gbg-mma,GBG MMA,,"Gothenburg, Sweeden",,
1886-paraestra-matsudo,Paraestra Matsudo,パラエストラ松戸,"Chiba, Japan",166-paraestra-tokyo,Paraestra Tokyo
1892-krazy-bee,KRAZY BEE,KILLER BEE,"Tokyo, Japan",1891-ysa,YSA
1905-czerwony-smok,Czerwony Smok,"Klub Sportów Walki Czerwony Smok Poznań, Red Dragon Poznan","Poznań, Poland",,
1925-mma-gym-cave,CAVE,"MMA Gym CAVE, 総合格闘技道場CAVE","Sumida, Tokyo, Japan",,
1927-cobra-kai-mma-dojo,Cobra Kai MMA Dojo,"Cobra Kai, 総合格闘技道場コブラ会","Osaka, Japan",,
193-mma-lab,MMA Lab,The LAB,"Glendale, Arizona",,
194-power-mma,Power MMA,Power MMA & Fitness,"Gilbert, Arizona",,
1955-dan-hendersons-athletic-fitness-center,Dan Henderson's Athletic Fitness Center,,"Temecula, California",,
1961-011-mma-team,011 MMA Team,,"Sao Paulo, Sao Paulo, Brazil",,
1970-paraestra-hachioji,Paraestra Hachioji,パラエストラ八王子,"Tokyo, Japan",166-paraestra-tokyo,Paraestra Tokyo
1973-bali-muay-thai-mixed-martial-arts,Bali MMA,,"Bali, Indonesia",,
1983-pro-fighting-peru,Pro Fighting Peru,PFP,"Lima, Peru",,
1986-contacto-livre,Contacto Livre,,Peru,,
1988-los-perros-sarnosos,Los Perros Sarnosos,"Escuela Pitbull Perros Sarnosos, Team Hector Iberico, La Perrera","Lima, Peru",,
1999-fortaleza,Fortaleza,"Fortaleza MMA, Team Fortaleza","Lima, Peru",,
2-csw-training-center,CSW Training Center,Combat Submission Wrestling,"Fullerton, California",,
201-grudge-tc,Genesis Training Academy,,"Arvada, Colorado",,
2036-mpr-endurance-mma,MPR Endurance MMA,,"Fairless Hills, Pennsylvania",,
2071-penta-gym,Penta Gym,"Penta Gym Prague, Penta Gym Praha","Prague, Czech Republic",,
2078-leontes-aspropurgou-draculino-team,Leontes Draculino Team,,"Aspropurgos, Attiki, Greece",,
2094-stallion-cage,Stallion Cage,Stallion Gym,"Stuttgart, Germany",,
210-american-top-team-cape-coral,American Top Team Cape Coral,ATT Cape Coral,"Cape Coral, Florida",,
2114-spartan-chorzw,Spartan Chorzów,Gracie Barra Chorzów,"Chorzów, Poland",,
2118-renyi,Renyi,,"Umeå, Sweden",,
212-sityotdong-boston,Sityodtong Boston,Team Sityodtong,"Somerville, Massachusetts",,
2141-muskoka-kickboxing,Muskoka Kickboxing,,"Bracebridge, Ontario, Canada",,
2156-10th-planet-jiu-jitsu-buena-park,10th Planet Jiu Jitsu Buena Park,,"Buena Park, California",228-10th-planet-jiu-jitsu,10th Planet Jiu Jitsu
2169-scorpion-fighting-systems,Scorpion Fighting System,Team SFS,"Brighton, Michigan",,
2187-team-ryano-mma,Team Ryano MMA,BJJ Revolution Team,"Dublin, Ireland",,
2189-hawaii-elite-mma,Hawaii Elite MMA,,Hawaii,,
2192-fighting-division-bydgoszcz,Fighting Division Bydgoszcz,Fighting Division Combat Club - MMA Bydgoszcz,"Bydgoszcz, Poland",,
2198-grappling-krakw,Grappling Kraków,,"Kraków, Poland",,
2207-the-dungeon-bjj,The Dungeon BJJ,,"Sunderland, United Kingdom",,
2214-yoshida-dojo,Yoshida Dojo,吉田道場,"Tokyo, Japan",,
2220-ps-lab-osaka-x-pancrase-inagakigumi,P's LAB Osaka x Pancrase Inagakigumi,P's LAB大阪 x パンクラス稲垣組,"Naniwa, Osaka, Japan",3667-ps-lab-tokyo,P's Lab Tokyo
2226-trench-tech,Trench Tech,TT,"Saipan, Northern Mariana Islands",,
2241-saeksons-muay-thai,Saekson's Muay Thai,,"Van Nuys, California",,
2243-sombra-team-mma,Sombra Team MMA,Sombra Team Rafael Ghilosso,"Porto Alegre, Rio Grande do Sul, Brazil",,
2247-astra-fight-team,Astra Fight Team,,"Balneario Camboriu, Santa Catarina, Brazil",,
225-cape-cod-fighting-alliance,Cape Cod Fighting Alliance,CCFA,"Wareham, Massachusetts",,
2250-sok-thai,Sok Thai,Liga Sok Thai,"Bage, Rio Grande do Sul, Brazil",,
2270-bkk-fighters,BKK Fighters,,"Colchester, Essex, England",,
2276-team-alpha-male-japan,Team Alpha Male Japan,TAMJ,"Moriguchi, Osaka, Japan",108-team-alpha-male,Team Alpha Male
228-10th-planet-jiu-jitsu,10th Planet Jiu Jitsu,,"Los Angeles, California",,
2280-mach-dojo,Mach Dojo,"マッハ道場, Mach Dojo Ibaraki, マッハ道場茨城","Ryugasaki, Ibaraki, Japan",,
230-4oz-fight-club,4oz. Fight Club,"4oz, four ounce, 4 ounce","Houston, Texas",,
231-american-combative-systems,American Combative Systems,"ACS, Team Tooke","LaMarque, Texas",,
2312-paraguay-combat-team,Paraguay Combat Team,Academia Paraguay Combat Team,Paraguay,,
2317-paran-vale-tudo,Paraná Vale Tudo,"PRVT, Parana Vale Tudo","Rio de Janeiro, Brazil",,
233-alliance-mma,Alliance MMA,"Alliance Training Center, Alliance Jiu Jitsu","Chula Vista, California",,
236-american-top-team-beaumont,American Top Team Beaumont,ATT Beaumont,"Beaumont, Texas",,
2363-lobo-gym,Lobo Gym MMA,,"Guadalajara, Jalisco, Mexico",,
2364-samurai-fight-center-mma,Samurai Fight Center MMA,,"Guadalajara, Jalisco, Mexico",,
237-arlington-mma,Arlington MMA,"Arlington Fight Team, The Gym","Arlington, Texas",,
2373-bonebreakers-mma,Bonebreakers MMA,Bonebreakers Central,"Mexico City, Mexico",,
238-bastos-bjj-midland,Bastos BJJ Midland,Bruno Bastos Jiu Jitsu,"Midland, Texas",,
239-bighead-mma,Bighead MMA,,"Lubbock, Texas",,
2395-pejor,Pejor,,"Rio de Janeiro, Rio de Janeiro, Brazil",,
2396-tata-fight-team,Tata Fight Team,TFT,"Rio de Janeiro, Rio de Janeiro, Brazil",,
2397-infight,Infight,Infight Jiu-Jitsu,"Rio de Janeiro, Rio de Janeiro, Brazil",,
2399-ats-team,ATS Team,,"Tres Rios, Rio de Janeiro, Brazil",,
240-brazilian-top-team,Brazilian Top Team,BTT,"Rio de Janeiro, Brazil",,
2401-tata-fight-team-montes-claros,Tata Fight Team Montes Claros,TFT Montes Claros,"Montes Claros, Minas Gerais, Brazil",2396-tata-fight-team,Tata Fight Team
2403-bh-rhinos,BH Rhinos,"Titi Jiu-Jitsu, Cristiano Titi Team","Belo Horizonte, Minas Gerais, Brazil",,
2404-war-machine-ct,War Machine CT,"Academia War Machine, War Machine MMA Team","Rio de Janeiro, Rio de Janeiro, Brazil",,
2425-muay-thai-medellin,Muay Thai Medellin,,"Medellin, Antioquia, Columbia",,
2426-invictus-mma,Invictus MMA,,"La Plata, Buenos Aires, Argentina",,
2427-octagon-mma,Octagon MMA,,"Bogota, Columbia",,
245-brazilian-top-team-texas,Brazilian Top Team Texas,BTT,"San Antonio, Texas",240-brazilian-top-team,Brazilian Top Team
2455-cquence-jiu-jitsu-norco,CQuence Jiu-Jitsu Norco,,"Norco, California",,
246-brazilian-top-team-canada,Brazilian Top Team Canada,BTT,"Montreal, Quebec, Canada",240-brazilian-top-team,Brazilian Top Team
2463-fuse-mma,Fuse MMA,,"Macomb, Michigan",,
247-bronxs-gold-team,Bronx's Gold Team,Gold Team,"Guaruja, Sao Paulo, Brazil",,
248-bronxs-gold-team-texas,Gold Team Texas,"Bronx's Gold Team Houston, Macaco Gold Team","Houston, Texas",247-bronxs-gold-team,Bronx's Gold Team
2513-bushido-academie,Bushido Academie,,"Avignon, France",,
252-k-taro-dojo,K-Taro Dojo,"Wajyutsu Keisyukai K-Taro Dojo, 和術慧舟會K太郎道場, K太郎道場","Higashioi, Shinagawa, Tokyo, Japan",1005-wajyutsu-keisyukai,Wajutsu Keishukai Tokyo
2520-montana-mixed-martial-arts,Montana Mixed Martial Arts,Montana MMA,"Bozeman, Montana",,
2521-potential-unlimited-mixed-martial-arts,Potential Unlimited Mixed Martial Arts,PUMMA,"Gold Coast, Queensland, Australia",,
253-master-japan,Master Japan,MASTER JAPAN,"Tokyo, Japan",,
2530-catalyst-mma,Catalyst Fight House,Catalyst Fight House,"Everett, Washington",,
2536-team-execution,Arnett's Team Execution,Lewiston Martial Arts Martial Arts America of Lewiston,"Lewiston, Idaho",,
2537-pete-white-boxing,Pete White Boxing & MMA,,"Port Orange, Florida",,
2539-aka-thailand,AKA Thailand,Amercian Kickboxing Academy Thailand,"Phuket, Thailand",63-american-kickboxing-academy,American Kickboxing Academy
254-yakima-mma,Yakima MMA,,"Yakima, Washington",,
2554-nova-forca,Nova Força Jiu-Jitsu,Nova Força UK,"Epsom, Surrey, England",,
2561-lakay-central-gym,Lakay Central Gym,"Team Lakay, Lakay MMA","Baguio City, Philippines",,
2566-ludus-mma,Ludus MMA,Ludus Martial Arts,"Jacksonville Beach, FL 32250",,
258-florian-martial-arts-center,Florian Martial Arts Center,FloMac,"Brookline, Massachusetts",,
259-brazos-valley-mma,Brazos Valley MMA,BVMMA,"College Station, Texas",,
2616-mob-training-center,MOB Training Center,"Team MOB, Mind Over Body Training Center","Seoul, South Korea",,
2618-pura-vida-bjjmma,Pura Vida BJJ/MMA,,"Milwaukee, Wisconsin",,
262-chop-shop-mma,Chop Shop MMA,,"Greenville, Texas",,
2624-taiwan-bjj-academy,Taiwan BJJ Academy,Taiwan Brazilian Jiu-Jitsu Academy Taipei Headquarter 台灣巴西柔術學院 - 台北本院,"Taipei, Taiwan",,
2631-titan-mma,Titan MMA,,"Coquitlam, British Columbia, Canada",,
2640-nostos-mma,Nostos MMA,Nostos Mixed Martial Arts,"Somersworth, New Hampshire",,
265-elite-mma-houston,Elite MMA Houston,,"Houston, Texas",,
266-fitness-fight-factory,Fitness Fight Factory,,"Colleyville, Texas",,
2677-nottingham-mma,Nottingham MMA,Nottingham Mixed Martial Arts,"Nottingham, England",,
268-full-contact-fight-academy,Full Contact Fight Academy,,"Corpus Christi, Texas",,
2682-m1-thai-boxing,M1 Thai Boxing,,"Woodbridge, Ontario, Canada",,
2698-gibson-mma,Gibson MMA,Gibson Kickboxing & Pankration,"Port Moody, British Columbia, Canada",,
2699-shaolin-muay-thai,Shaolin Muay Thai,,"Edmonton, Alberta, Canada",,
27-szkoa-walki-drwala,Szkoła Walki Drwala,SWD,"Kraków, Poland",,
270-gracie-barra-houston,Gracie Barra Houston,GB Texas,"Houston, Texas",271-gracie-barra,Gracie Barra
2709-havok-martial-arts,Havok Martial Arts,Team Havok,"Kelowna, British Columbia, Canada",,
271-gracie-barra,Gracie Barra,GB Irvine,"Irvine, California",,
272-gracie-barra-woodlands,Gracie Barra The Woodlands,GB Woodlands,"Spring, Texas",271-gracie-barra,Gracie Barra
2723-hanuman-gym-prague,Hanuman Gym Prague,,"Prague, Czech Republic",,
2738-striker-house,Striker's House,Strikers House,"Curitiba, Parana, Brazil",,
2755-veto-team-bielsko-biaa,Veto Team Bielsko-Biała,,"Bielsko-Biała, Poland",,
2778-xtreme-kombat-managua,Xtreme Kombat Academy,XKA,"Managua, Nicaragua",,
278-gracie-barra-belo-horizonte,Gracie Barra Belo Horizonte,"GB Belo Horizonte, Draculino Team","Belo Horizonte, Brazil",271-gracie-barra,Gracie Barra
2788-epic-mma,Epic MMA,,"Central District, Hong Kong",,
279-grapplers-lair,Grappler's Lair,Grapplers Lair,"Belton, Texas",,
2793-california-mixed-martial-arts,California Mixed Martial Arts,CMMA,"Gardena, California",,
28-berserkers-team,Berserker's Team,BTS,"Szczecin, Poland",,
2806-kbc-pbram,KBC Příbram,Centrum Bojových Sportů Příbram,"Příbram, Czech Republic",,
281-hard-head-hitters,Hard Head Hitters,,"Cleveland, Texas",,
2814-primus-fight-team,Primus Fight Team,,Finland,,
282-hoger-mma,Hoger MMA,,"Houston, Texas",,
2827-noc-fight-team,NOC Fight Team,NOC Fighter Management,"Orange County, California",,
284-south-shore-sportfighting,South Shore Sportfighting,South Shore Sportfighting & Fitness,"Rockland, Massachusetts",,
2844-salvation-mixed-martial-arts,Guerilla MMA,,"Abermale, North Carolina",,
2845-legion-fight-team,Legion Fight Team,Legion Fighting team,"Rostov-on-Don, Russia",,
2847-australian-top-team,Australian Top Team,ATT,"Wentworthville, Sydney, Australia",,
2852-sinosic-perosh-martial-arts,Team Perosh Mixed Martial Arts,,"Sydney, New South Wales, Australia",,
2857-renovao-fight-team,Renovação Fight Team,RFT,"Rio de Janeiro, Rio de Janeiro, Brazil",,
2869-sambo-piter,Sambo-Piter,"Самбо-Питер, СК МИР, SK Mir","St. Petersburg, Russia",,
2870-ratiborets,Ratiborets,"Club Ratiborets, Клуб Ратиборец","Yekaterinburg, Russia",,
288-triumph-brazilian-jiu-jitsu,Triumph Brazilian Jiu Jitsu,Triumph BJJ,"Nashua, New Hampshire",,
2881-academy-mma,Academy MMA,"MMA Academy, Академия ММА","Makhachkala, Russia",,
2882-boets,Fighter Gym,Boets SC,"Orenburg, Russia",,
289-tri-force-mma,Tri-Force MMA,,"Pawtucket, Rhode Island",,
29-american-top-team,American Top Team,ATT,"Coconut Creek, Florida",,
2907-fight-nights-team,Fight Nights Team,,"Moscow, Russia",,
291-team-link,Team Link,Link BJJ,"Ludlow, Massachusetts",,
2912-spike-22,Spike 22,,"Tamuning, Guam",,
2919-american-combat-club,American Combat Club,,"Orlando, Florida",,
2921-oleksiy-oliynyk-mma-school,Oleksiy Oliynyk MMA School,Школа ММА Алексея Олейника,"Moscow, Russia",,
2930-ultimate-training-centre,Ultimate Training Centre,UTC,"Birmingham, United Kingdom",,
2934-the-performance-compound,The Performance Compound,,"Saint Cloud, Minnesota",,
2937-renegade-combat-sports,One Combat Academy,Renegade Combat Sports & Fitness,"Sioux City, Iowa",,
2943-akhmat-fight-club,Akhmat Fight Club,RSK Ahmat,"Grozny, Russia",,
2944-dagfighter,DagFighter,"DagFighter Team, Dagestan Fighter","Makhachkala, Russia",,
2950-mixed-martial-team-kbjjs,Mixed Martial PRO Team,"Mixed Martial Team, Kick Boxing and Jiu Jitsu School in Memory of Fabio Fontanella",Lonato del Garda Italia,,
2952-fight-or-die,Fight or Die,"Fight or Die Abukar & Adam Yandiev, Yandiev Brothers","Moscow, Russia",,
2961-saigon-sports-club,Saigon Sports Club,SSC,"Saigon, Vietnam",,
2963-bangkok-fight-lab,Bangkok Fight Lab,,"Bangkok, Thailand",,
2968-city-kickboxing,City Kickboxing,,"Auckland, New Zealand",,
2970-countershot-kickboxing-academy,Countershot Kickboxing Academy,iFit Guam,"Tamuning, Guam",,
298-lions-den,Lion's Den,,"Reno, Nevada",,
299-lions-den-texas,Lion's Den Texas,Lion's Den Dallas,"Dallas, Texas",298-lions-den,Lion's Den
2999-unit-7-gym-atherton-submission-wrestling,Atherton Submission Wrestling,"ASW, Unit 7 Gym","Manchester, England",,
3004-spartakus-team-zakopane,Spartakus Team Zakopane,,"Zakopane, Poland",,
3007-renzo-gracie-philly,Renzo Gracie Philly,,"Philadelphia, Pennsylvania",322-renzo-gracie-academy,Renzo Gracie Academy
3010-san-diego-fight-club,San Diego Fight Club,SD Fight Club,"El Cajon, California",,
302-lutter-mma,Travis Lutter BJJ,"Team Lutter, Lutter MMA","Fort Worth, Texas",,
3022-kaizen-mma-fairfax,Kaizen MMA,Enshin Karate,"Falls Church, Virginia",,
3031-eric-nolans-xtreme-training-center,Eric Nolan's Xtreme Training Center,Bakersfield MMA,"Bakersfield, California",,
304-metro-fight-club,Metro Fight Club,Team Metro,"Houston, Texas",,
3043-atos-brazilian-jiu-jitsu,Atos Brazilian Jiu Jitsu,Andre Galvao BJJ,"San Diego, California",,
3045-fightlab,Fightlab,,"Phuket, Thailand",,
305-paradigm-training-center,Paradigm Training Center,Paradigm MMA,"Houston, Texas",,
3051-xian-sports-university,Xi'an Sports University,西安体育学院,"Xi'an, China",,
306-mohler-mma,Mohler MMA,"Mohler Jiu Jitsu, Team Mohler","Coppell, Texas",,
308-nicks-fight-club,Nick's Fight Club,Nearfall Wrestling,"Amarillo, Texas",,
3094-american-top-team-zagreb,American Top Team Zagreb,ATT Zagreb,"Zagreb, Croatia",29-american-top-team,American Top Team
31-blackzilians,Blackzilians Performance Institute,Jaco Hybrid Training Center,"Boca Raton, Florida",,
310-octagon-mma,Octagon MMA,,"Dallas, Texas",,
3102-roger-gracie-academy,Roger Gracie Academy BJJ,Roger Gracie Brazilian Jiu Jitsu,"London, England",,
3105-fightspirit-team,Fightspirit Team,,"Dagestan, Russia",,
311-ohana-jiu-jitsu,Ohana Jiu Jitsu,Ohana Academy,"San Antonio, Texas",,
3112-wca-fight-team,WCA Fight Team,Warszawskie Centrum Atletyki,"Warsaw, Poland",,
3114-gks-grnik-czna-mma,GKS Górnik Łęczna MMA,Underground Gold Team Łęczna,"Łęczna, Poland",,
312-paragon-brazilian-jiu-jitsu,Paragon Brazilian Jiu Jitsu,"Paragon MMA, Paragon BJJ","Santa Barbara, California",,
3129-leandro-loreno-brazilian-jiu-jitsu,Milestone Martial Arts,LLJJ Team,"Las Vegas, Nevada",,
3133-valle-flow-striking,VFS Academy,Valle Flow Striking,"Addison, Illinois",,
3137-china-top-team,China Top Team,"拳天下, Boxing World Club, CTT拳天下俱乐部","Beijing, China",,
314-phalanx-mma,Phalanx MMA,,"Fort Worth, Texas",,
3196-russia-top-team,Russia Top Team,,"Barnaul, Russia",,
322-renzo-gracie-academy,Renzo Gracie Academy,Renzo Gracie New York City,"New York, New York",,
3227-sanchez-bjj-and-fitness,Sanchez BJJ and Fitness,Eduardo Rene Sanchez Brazilian Jiu Jitsu,"Kahului, Hawaii",,
323-renzo-gracie-latham,Renzo Gracie Latham,Bruno Tostes BJJ,"Latham, New York",322-renzo-gracie-academy,Renzo Gracie Academy
3245-scottish-hit-squad,Scottish Hit Squad,SHS,Scotland,,
3246-dinky-ninja-fight-team,Dinky Ninja Fight Team,Dinky Ninjas DNFT,Scotland,,
3248-higher-level-martial-arts,Higher Level Martial Arts,,"Whitburn, Scotland",3246-dinky-ninja-fight-team,Dinky Ninja Fight Team
326-revolution-dojo,Revolution Dojo,"Revolution BJJ, Revolution Brazilian Jiu Jitsu","Katy, Texas",,
3261-fist-gym,F.I.S.T. Gym,Fist Gym,"Quezon City, Philippines",,
3263-next-generation-mma-liverpool,Next Generation MMA Liverpool,,"Liverpool, England",,
3266-team-rough-house-mma,Team Rough House MMA,,"Nottingham, England",,
3267-london-shootfighters,London Shootfighters,,"London, United Kingdom",,
328-rubicon-fight-sport,Rubicon Fight Sport,Rubicon FightSport,"Austin, Texas",,
329-saekson-janjira-muay-thai,Saekson Janjira Muay Thai,Team Saekson Janjira,"Plano, Texas",,
331-silverback-fight-club,Silverback Fight Club,"SFC, Silverback MMA","Houston, Texas",,
3320-atch-academy,Atch Academy,,"Paris, France",,
3322-all-powers-gym,Manchester Top Team,,"Stockport, England",,
3324-sbg-mainline,SBG Manchester,"SBG Mainline, Straight Blast Gym Manchester","Manchester, England",36-straight-blast-gym-ireland,SBG Ireland
3325-titan-fighter,Titan Fighter Gym,Team Titan,"London, England",,
333-team-takedown,Team Takedown,,"Mansfield, Texas",,
3330-team-crossface,Team Crossface,Crossface Training Center,"Watford, England",,
3339-absoluto-fighting-center,Absoluto Fighting Center,Absoluto Bucharesti,"Bucharest, Romania",,
3375-harris-holt-combat-sports,Harris Holt Combat Sports,,"Clarksville, Tennessee",,
3377-gorets,Gorets FT,Highlander SC,"Dagestan, Russia",,
3380-gracie-barra-katy,Gracie Barra Katy,,"Katy, Texas",271-gracie-barra,Gracie Barra
3435-chute-boxe-diego-lima,Chute Boxe Diego Lima,,"Sao Paulo, Brazil",9533-chute-boxe,Chute Boxe
3442-planet-eater,Planet Eater,Planet Eater Gym,"Balingen, Germany",,
3447-team-kiboju,Team KiBoJu,Kiboju Free Fight System,"Mannheim, Germany",,
3456-csa-moldova,CSA Moldova,Combat Sambo Association Moldova,"Chisinau, Moldova",,
3482-nova-unio-manaus,Nova União Manaus,Nova União Jiu-Jitsu Manaus,"Manaus, Amazonas, Brazil",53-nova-unio,Nova União
3494-wajutsu-keishukai-hearts,Wajutsu Keishukai HEARTS,和術慧舟會HEARTS,"Shibuya, Tokyo, Japan",1005-wajyutsu-keisyukai,Wajutsu Keishukai Tokyo
3507-sincaid-mma,Sincaid MMA,,"Clearwater, Florida",,
3508-10th-planet-jiu-jitsu-beaumont,10th Planet Jiu Jitsu Beaumont,,"Beaumont, Texas",,
3511-hung-mun-studio,Hung Mun,Hung Mun MMA Studio,"Rome, Italy",,
3512-international-house-of-muay-thai,The House of Muay Thai,,"Norfolk, Virgina",,
3521-rodeo-style,Rodeo Style,ロデオスタイル,"Yokosuka, Japan",,
3550-matt-larsens-combat-fitness-center,Matt Larsen's Combat Fitness Center,,"Springfield, Virginia",,
3569-alive,ALIVE,"アライブ, 総合格闘技道場ALIVE, ALIVE MMA Dojo","Nagoya, Aichi, Japan",,
3570-alliance-square,ALLIANCE,"ALLIANCE-SQUARE, FIGHT TEAM ALLIANCE","Akasaka, Minato, Tokyo",,
359-renzo-gracie-denville,Renzo Gracie Denville,Real World Mixed Martial Arts,"Denville, New Jersey",322-renzo-gracie-academy,Renzo Gracie Academy
3592-stabile-fight-team,Stabile Fight Team,,"Gessate, Milan, Italy",,
36-straight-blast-gym-ireland,SBG Ireland,Straight Blast Gym Ireland,"Dublin, Ireland",615-straight-blast-gym-international,SBGi Portland
360-renzo-gracie-pennsylvania,Renzo Gracie Pennsylvania,Team Renzo Gracie Hatfield PA,"Hatfield, Pennsylvania",322-renzo-gracie-academy,Renzo Gracie Academy
3602-tech-mma-fitness-academy,Tech MMA & FItness Academy,,"Christiansburg, Virginia",,
3605-purebred-omiya,Purebred Omiya,PUREBRED大宮,"Omiya, Saitama, Japan",,
3608-t-blood,T-BLOOD,T-Blood Mixed Martial Arts Academy,"Tsuchiura, Ibaraki, Japan",,
361-renzo-gracie-brooklyn,Renzo Gracie Brooklyn,Renzo Gracie Fight Academy BK,"Brooklyn, New York",,
3613-laughter7,Laughter7,ラフター７,"Shinagawa, Tokyo, Japan",,
3625-team-punisher-ulisses-cortez-fighting-system,Team Punisher,Ulisses Cortez Fighting System,"El Centro, California",,
3630-ludwig-martial-arts,Ludwig Martial Arts,Bang Muay Thai,"Westminster, Colorado",,
3642-hakushinkai-karate,Hakushinkai Karate,"空手道白心会, からてどうはくしんかい","Toyohashi, Aichi, Japan",,
3645-wajyutsu-keisyukai-suruga,Wajutsu Keishukai Suruga Dojo,和術慧舟會 駿河道場,"Numazu, Shizuoka, Japan",1005-wajyutsu-keisyukai,Wajutsu Keishukai Tokyo
3647-mma-trondheim,MMA Trondheim,,"Trondheim, Norway",,
365-carlos-neto-bjj,617 Fight Sports,CN Brazilian Jiu Jitsu 617 BJJ,"Somerville, Massachusetts",,
3657-shooting-gym-hakkei,Shooting Gym Hakkei,シューティングジム八景,"Yokohama, Kanagawa, Japan",3595-shooto,Japan Shooto Association
3666-kharkov-top-team,Kharkov Top Team,,"Kharkov, Ukraine",,
3668-pancraseism,PANCRASEism,パンクラスism,Japan,,
367-central-new-york-mma,Central New York MMA,CNYMMA,"Watertown, New York",366-premier-martial-arts-watertown,Premier Martial Arts Watertown
3683-kugayama-rascal-gym,Kugayama Rascal Gym,久我山ラスカルジム,"Suginami, Tokyo, Japan",,
369-broadway-jiu-jitsu,Broadway Jiu Jitsu,"Team Carlson Gracie, Broadway BJJ and Fitness","Boston, Massachusetts",,
3699-akimoto-dojo-jungle-junction,Akimoto Dojo jungle junction,秋本道場jungle junction,"Sagamihara, Kanagawa, Japan",,
3708-valon-team,Valon Team,,"Brussels, Belgium",,
372-h2o-mma,H2O MMA,Academie D'arts Martiaux H2O,"Montreal, Quebec, Canada",,
3736-neo-judo-academy-omigawa-dojo,Neo Judo Academy Omigawa Dojo,"NEO JUDO ACADEMY 小見川道場, 柔道 NEO JUDO 小見川道場（横浜青葉台）","Yokohama, Kanagawa, Japan",,
3743-srgio-penha-brazilian-jiu-jitsu,Sérgio Penha Brazilian Jiu-Jitsu Academy,,"Las Vegas, Nevada",,
376-speedy-gym,Speedy Gym,,"Granby, Quebec, Canada",,
3760-ed-lutas-team-impacto-jiu-jitsu,Ed Lutas Team,Impacto Jiu-Jitsu,"Indaiatuba, São Paulo, Brasil",,
3778-khk-team,KHK MMA Team,,"Manama, Bahrain",,
3798-team-ferreira,Team Ferreira,,"Pharr, Texas",,
380-canadian-martial-arts-centre,Canadian Martial Arts Centre,"CMC MMA, Canadian Martial Arts Center","Lethbridge, Alberta, Canada",,
3801-spartan-fitness-mma,Spartan Fitness MMA,,"Birmingham, Alabama",,
3806-hybrid-training-center,Pride Training Center,,"Virginia Beach, Virginia",,
3869-american-elite-mma,American Elite MMA,,"Edmond, Oklahoma,",,
388-academie-pro-star-mma,Academie Pro Star MMA,,"Mont-Saint-Hilaire, Quebec, Canada",,
3896-legat,Legat,Легат,"Kiev, Ukraine",,
390-champions-creed-martial-arts,Champion's Creed Martial Arts,,"Calgary, Alberta, Canada",,
3920-team-schreiber,Team Schreiber,"Team Schreiber, Sports Academy Schreiber","Krommenie, Netherlands",,
3931-united-mma-fight-center,United MMA Fight Center,,"Buenos Aires, Argentina",3930-nova-unio-argentina,Nova União Argentina
3947-harbin-longyun-mma-gym,Longyun MMA Gym,哈尔滨龙云综合格斗馆,"Harbin, Heilongjiang, China",,
3956-american-top-team-indianapolis,American Top Team Indianapolis,,"Indianapolis, Indiana",29-american-top-team,American Top Team
4-korean-top-team,Korean Top Team,"코리안탑팀 대림, Korean Top Team Daerim","Seoul, South Korea",,
40-team-posse,Team Posse,"팀파시 Gangnam, 팀파시강남","Souel, South Korea",,
400-jrcs,JRCS,Jamil's Reality Combat System,"Dubai, United Arab Emirates",,
4004-buddy-gym,Buddy Gym,,"Saint Gallen, Switzerland",,
4007-darkside-mma,Darkside MMA,The Darkside of MMA,"Charlotte, North Carolina",,
4016-longview-mma-team-515,Longview MMA / Team 515,Team 515,"Longview, Texas",,
4022-ufc-gym-sherwood-park,UFC Gym Sherwood Park,,"Sherwood Park, Alberta, Canada",4276-ufc-gym,UFC Gym
4023-mat-factory,Mat Factory Wrestling Club,The Mat Factory,"Lower Burrell, Pennsylvania",,
4026-mjlnir,Mjölnir,,"Reykjavík, Iceland",,
4028-de-tomas-muaythai-and-mma-training-center,De Tomas MMA,,"Quezon City, Philippines",,
403-ali-combat-club,Ali Combat Club,Team Zirhaki,"Quebec City, Quebec, Canada",,
4040-absolute-mma-conditioning,Absolute MMA & Conditioning,,"Melbourne, Victoria, Australia",,
4068-freestyle-fighting-gym,Freestyle Fighting Gym,,"Windang, NSW",,
408-hm-fitness-centre,HM Fitness Centre,,"Dubai, United Arab Emirates",,
4097-sutemi-fight-academy,Sutemi MMA,,"Seville, Andalusia, Spain",,
4099-fighting-empire,Fighting Empire,"北京东方荣誉搏击俱乐部, Beijing Eastern Honor Fight Club","Beijing, China",,
411-mass-bjj-acton,Mass BJJ Acton,,"Acton, Massachusetts",,
4110-efl-martial-arts-academy,EFL Martial Arts Academy,,"Athens, Greece",,
4111-kimura-nova-unio,Kimura,Kimura,"Natal, Rio Grande do Norte, Brazil",,
4114-gym-23,Gym 23,Gym Twenty Three,"Vienna, Austria",,
4116-elite-boxing-academy,Elite Boxing Academy,,"Mason City, Iowa",,
4143-bulls-fighters-combat-team,BULLS Combat Team,BULL Fighters Combat Team,"Tepic, Nayarit, Mexico",,
416-sen-gym,Ssen Gym,"센짐 동구, 쎈짐 - 대구MMA, 센짐","Daegu, South Korea",,
4173-luta-elite-mma,Luta Elite MMA,,"Tucson, Arizona",,
4187-rise-combat-sports,Rise Combat Sports,,"Tucson, Arizona",,
4188-ocimar-costa-jiu-jitsu,OCSJJ,Ocimar Costa Jiu Jitsu,"Paranagua, Brazil",,
4197-sech,Sech PRO,"КСЕ ""СЕЧЬ""","St. Petersburg, Russia",,
420-absolute-combat-alliance,Absolute Combat Alliance,ACA,"Tulsa, Oklahoma",,
4205-gracie-new-jersey-academy,Gracie New Jersey Academy,Gracie NJ Competition Team,"Lebanon, New Jersey",,
421-american-top-team-okc,American Top Team OKC,ATT OKC,"Oklahoma City, Oklahoma",29-american-top-team,American Top Team
4224-family-fight-team,Family Fight Team,,"Novi Sad, Serbia",,
4237-wolves-den,Wolves' Den Training Center,,"Wentzville, Missouri",,
424-r-1-mma,R-1 MMA,R1 Brazilian Jiu Jitsu,"Oklahoma City, Oklahoma",,
4240-blood-sweat-and-tears,Blood Sweat and Tears,BST MMA,"Northampton, England",,
4244-keddles-gym,Keddles Gym,,"Orpington, Bromly, England",,
426-triton-fight-center,Triton Fight Center,Triton MMA,"Broken Arrow, Oklahoma",,
4262-apex-mma,Apex MMA,Team Spyder Monkey,"Riverside, California",,
427-usa-stars-mma,USA Stars MMA,,"Oklahoma City, Oklahoma",,
4272-port-city-bjj,Port City BJJ,Team Roberto Maia,"Portsmouth, New Hampshire",,
4289-no-limit-jiu-jitsu,No Limit Jiu Jitsu,,"Starkville, Mississippi",,
430-ghost-dog-boxing,Ghost Dog Boxing,,"Tulsa, Oklahoma",,
4347-perseverance-mma-and-athletic-academy,Perseverance MMA and Athletic Academy,,"Gladstone, Missouri",,
4361-frontline-academy,Frontline Academy,,"Oslo, Norway",,
4375-chris-rees-academy,Chris Rees Academy,,"Swansea, Wales",,
4376-dragon-school-of-combat,Dragon School Of Combat,,"Pontarddulais, Swansea, Wales",,
4413-tillery-combat-mma-academy,Tillery Combat MMA Academy,,"Blaina, England",,
4419-longo-and-weidman-mma,Longo's MMA,,"Garden City, New York",,
4425-golden-team,Golden Team,,"Mytishchii, Moscow, Russia",,
4426-akhmat-fight-club-kazakhstan,Akhmat Fight Club Kazakhstan,Akhmat Fight Team Kazakhstan,"Pavlodar, Kazakhstan",2943-akhmat-fight-club,Akhmat Fight Club
4435-jeremy-horns-elite-performance,Jeremy Horn's Elite Performance,,"Sandy, Ut",,
4438-10th-planet-jiu-jitsu-san-diego,10th Planet Jiu Jitsu San Diego,,"San Diego, California",228-10th-planet-jiu-jitsu,10th Planet Jiu Jitsu
4442-trinity-meidaimae,Trinity Meidaimae,"Exciting Gym Trinity,Trinity MMA","Setagaya, Tokyo, Japan",,
445-sante-fe-brazilian-jiu-jitsu,Santa Fe Brazilian Jiu-Jitsu,"Sante Fe BJJ, Santa Fe MMA","Santa Fe, New Mexico",,
4463-core,CORE,"総合格闘技ジムCORE王子豊島, CORE Ota Toshima, CORE MMA Team Toshima","Kita, Tokyo, Japan",,
4466-the-paraestra-okinawa,The Paraestra Okinawa,Theパラエストラ沖縄,"Naha, Okinawa, Japan",166-paraestra-tokyo,Paraestra Tokyo
447-apex-mma,Apex MMA,,"Tucson, Arizona",,
449-arizona-athletic-club,Arizona Athletic Club,AAC,"Yuma, Arizona",,
450-arizona-combat-sports,Arizona Combat Sports,ACS,"Tempe, Arizona",,
451-fight-ready-mma,Fight Ready MMA,,"Scottsdale, Arizona",,
452-siege-mma,Siege MMA,,"Peoria, Arizona",,
4520-vos-gym,Vos Gym,"ボスジム ジャパン, Johan Vos Sport School, ヨハンボス・スポーツスクール","Minato, Tokyo, Japan",,
4524-dutch-style-mma,Dutch Style MMA,,"Lisle, Illinois",,
4525-ufc-gym-lombard,UFC Gym Lombard,,"Lombard, Illinois",4276-ufc-gym,UFC Gym
453-southwest-mma,Southwest MMA,Southwest Boxing Club,"Mesa, Arizona",,
454-yuma-united-mixed-martial-arts,Yuma United Mixed Martial Arts,Yuma United MMA,"Yuma, Arizona",,
4549-pitbull-brothers,Pitbull Brothers,,"Natal, Rio Grande do Norte, Brazil",,
455-barata-mma,Barata MMA,,"Searcy, Arkansas",,
4552-enbo-gedou,Enbo Fight Club,"恩波格斗, EnBo Fight Club","Chengdu, China",,
456-westside-fight-team,Westside Fight Team,Westside MMA,"Little Rock, Arkansas",,
4562-different-breed-mma,Different Breed MMA,,"Lubbock, Texas",,
457-without-limits-mma,Without Limits MMA,WL MMA,"Batesville, Arkansas",,
458-gladiators-academy,Gladiators Academy,,"Lafayette, Louisiana",,
4593-reversal-gym-tachikawa-alpha,Reversal Gym Tachikawa ALPHA,リバーサルジム 立川 ALPHA,"Tachikawa, Tokyo, Japan",3547-reversal-gym-tokyo-standout,Reversal Gym Tokyo Standout
4602-10th-planet-jiu-jitsu-las-vegas,10th Planet Jiu Jitsu Las Vegas,,"Henderson, Nevada",228-10th-planet-jiu-jitsu,10th Planet Jiu Jitsu
4603-danzig-mma,Danzig MMA,,"Bend, Oregon",,
4604-erkin-kush,Erkin Kush,Еркін күш,"Aktobe, Kazakhstan",,
4623-uruno-dojo,Uruno Dojo,"総合格闘技宇留野道場, Mixed Martial Arts Uruno Dojo","Tokyo, Japan",,
4629-power-of-dream-gym,Power of Dream Sapporo,"Sapporo POD Gym, 札幌 パワーオブドリーム","Sapporo, Hokkaido, Japan",,
4632-wilkes-martial-arts-and-fitness-academy,Wilkes MMA,,"Perth, WA, Australia",,
4655-miller-brothers-mma,Sussex County MMA,,"Sparta, New Jersey",,
4662-team-climb,Team Climb,,"Tokyo, Japan",,
4678-boxing-squad,Boxing Squad,,"Nice, France",,
4725-elite-combat-academy,Elite Combat Academy,,"Shreveport, Louisiana",,
4728-csadk,CSA.dk,Combat Sports Academy Denmark,"Copenhagen, Denmark",,
4735-team-relentless,Team Relentless,,"Hot Springs, Arkansas",,
4762-a4-fitness,A4 Fitness,A4 Fitness CrossFit and Boxing,"West Los Angeles, California",,
4764-strela-team,Strela Team,Strela Promotion,"Moscow, Russia",,
4787-chicagomma,Chicago MMA,,"Chicago, Illinois",,
4798-zenith-vera-fight-club,Zenith Vera Fight Club,,"Łódź, Poland",,
48-extreme-combat,Extreme Combat,"화정 익스트림 컴뱃, 익스트림 피트니스 (컴뱃 팀), Extreme Fitness Combat Training Center","Goyang, South Korea",,
480-nova-gym,Nova Gym,,"Quebec City, Quebec, Canada",,
482-winnipeg-academy-of-mixed-martial-arts,Winnipeg Academy of Mixed Martial Arts,WAMMA,"Winnipeg, Manitoba, Canada",,
4833-elite-fight-gym,Elite Fight Gym,MMA Club Parramatta,"Penrith, New South Wales, Australia",,
4868-luttrellyee-mma-fitness,Luttrell/Yee MMA & Fitness,,"Albuquerque, New Mexico",,
4928-shark-d,Shark Top Team Łódź,"Klub Shark Łódź, Shark Team Łódź, Top Team Łódź","Łódź, Poland",9-gracie-barra-d,Gracie Barra Łódź
4930-port-city-sports-performance,Port City Sports Performance,,"Wilmington, North Carolina",,
4933-perfect-team-mma,Perfect Team MMA,,"Antwerp, Belgium",,
4937-fightcenter-esbjerg,Fightcenter Esbjerg,,"Esbjerg, Denmark",,
4943-igor-mma,Igor MMA Academy,,"Sydney, New South Wales, Australia",,
4956-purebred-bjj-guam,Purebred BJJ Guam,,"Agana Heights, Guam",3605-purebred-omiya,Purebred Omiya
4967-so-missions-jiu-jitsu,So-Missions Jiu Jitsu,소미션스 주짓수,"Gangnam, Seoul, South Korea",,
4990-fight-club-nart,Fight Club Nart,,"Sunzha, Russia",,
4991-octopus-d,Octopus Łódź,,"Łódź, Poland",,
4998-checkmat-burbank,Checkmat Burbank,,"Burbank, California",,
5-busan-team-mad,Busan Team MAD,부산 팀매드,"Busan, South Korea",,
5006-fusion-xcel,Fusion Xcel Performance,,"Ocoee, Florida",,
501-minnesota-martial-arts-academy,The Academy MN,"The Academy MN, MMAA Combat Zone","Brooklyn Center, Minnesota",,
5014-grappling-fight-team,Grappling Fight Team,GFTeam Floripa,"Palhoça, Santa Catarina, Brazil",,
5035-team-kaobon-liverpool,Team Kaobon Liverpool,,"Liverpool, England",,
504-pacific-martial-arts,Pacific Martial Arts,PMA,"Fresno, California",,
5044-our-town-mma,Our Town MMA,,Argentina,,
5048-black-tiger-fight-club,Black Tiger Fight Club,"Equilibrium MMA Chaoyang Park, Black Tiger Fight Club & Fitness Studio (Riviera Plaza)","Beijing, China",,
505-dethrone-base-camp,Dethrone MMA Fresno,,"Fresno, California",,
506-trojan-free-fighters,Trojan Free Fighters,,"Worcester, England",,
5071-cruz-mma,Cruz MMA,,"Harrison, New Jersey",,
5116-eagles-mma-team,Eagles MMA Academy,,"Moscow, Russia",,
5131-bst-mma-fitness,BST MMA & Fitness,,"Mendon, Massachusetts",,
5139-shanxi-xin-du-martial-arts-club,Shanxi Xindu Martial Arts Club,山西鑫度武术俱乐部,"Yuncheng, Shanxi, China",,
5152-muay-thai-america-gym,Muay Thai America Gym,,"North Hollywood, California",,
5168-academia-ronildo-nobre,Academia Ronildo Nobre,Clube de Judô Ronildo Nobre,"Santana, Amapá, Brazil",,
517-frontier-mma-academy,Frontier MMA Academy,,"Malmö, Sweden",,
5177-kcbjj,KCBJJ,,"Mission, Kansas",,
5181-uraanhai,Uraanhai Sports Club,,"Yakutsk, Russia",,
52-mma-story,MMA Story,MMA스토리,"Seoul, South Korea",2988-john-frankl-brazilian-jiu-jitsu,John Frankl Brazilian Jiu Jitsu
520-gladius-mma,Gladius MMA,,"Gothenburg, Sweden",,
522-hilti-bjj,Hilti BJJ,,"Stockholm, Sweden",,
5232-lions-high-performance-centre,Lions High Performance Centre,LHPC,"St Marys, New South Wales, Australia",,
5238-fight-spirit-gym,Fight Spirit Gym,,"Saint Petersburg, Russia",,
5239-arte-suave,Arte Suave,,"Copenhagen, Denmark",,
524-rumble-sports,Rumble Sports,,"Copenhagen, Denmark",,
526-fightzone-stockholm,Fightzone Stockholm,,"Stockholm, Sweden",,
527-next-generation-imma,Next Generation I.M.M.A,,"Ballymena, Northern Ireland",,
5280-the-sound-martial-arts,The Sound Martial Arts,The Sound MMA,"Squamish, British Columbia, Canada",,
53-nova-unio,Nova União,Nova Uniao,"Rio de Janeiro, Rio de Janeiro, Brasil",,
5315-dragon-kombat,Dragon Kombat,,"Fortaleza, Ceará, Brazil",,
5326-right-thing-academy,Right Thing Academy,Fight&Fitness RIGHT THING Academy,"Nakano, Tokyo, Japan",,
5327-spartakus-fight-gym,Spartakus Fight Gym,,"Trnava, Slovakia",,
536-primal-mma,SBG Charlestown,"Primal MMA, Straight Blast Gym Charlestown","Charlestown, Dublin",36-straight-blast-gym-ireland,SBG Ireland
5361-uwf-usa,UWF USA,,Southern California,,
5364-mexican-pride-gym,Mexican Pride Gym,,"Tlalnepantla, Estado De Mexico, Mexico",,
5394-ludus-magnum,Ludus Magnum,"Ludus Magnum Scuola di Combattimento, Ludus Magnum School of Combat","Milano, Italy",,
54-xgym,XGym,X-Gym,"Rio de Janeiro, Rio de Janeiro, Brasil",,
5423-2-knuckle-sports-mma-academy,2 Knuckle Sports MMA Academy,2 Knuckle Fight Team,"Surprise, Arizona",,
5424-brunson-mma-and-fitness,Brunsons MMA and Fitness,,"Wilmington, North Carolina",,
5429-team-macho,Team Macho,팀 마초,"Ansan, South Korea",,
543-adrenaline-mma-training-fitness,Adrenaline MMA Training & Fitness,Adrenaline Training Center,"London, Ontario, Canada",,
5434-barbarian-combat-sports,Barbarian Combat Sports,,"Sunbury, Pennsylvania",,
544-hayabusa-training-centre,Hayabusa Training Centre,Hayabusa Training Center,"Saint Albert, Alberta, Canada",,
5442-classic-fight-team,Classic Fight Team,,California,,
5469-jon-manley-mma,Jon Manley MMA,,"Easthampton, Massachusetts",,
547-ryans-mma-checkmat-vancouver,Ryan's MMA - Checkmat Vancouver,Dynamic MMA,"Richmond, British Columbia, Canada",,
5495-bears-dojo,Bear's Dojo,,"Lonato del Garda, Italy",,
55-fight-club-berkut,Berkut FC,Fighting Eagle,"Grozny, Russia",,
552-headrush-training-center,Grant's MMA,,"Toronto, Ontario, Canada",,
554-ludus-magnus,Ludus Magnus,Ludus Magnus Training Centre,Doncaster,,
555-team-fish-tank,TFT MMA 'Team Fish Tank',"TFT, TFT MMA","Sunderland, England",,
5553-white-lotus-dojo,White Lotus Dojo,,"Rome, Italy",,
556-asylum-vale-tudo,Asylum Vale Tudo,"AVT, Team Asylum Combat Base BJJ","Dewsbury, West Yorkshire",,
5566-smash-bros-shebaro-jiu-jitsu,Smash Bros Shebaro Jiu-Jitsu,,"Hendersonville, Tennessee",,
562-fit-plus-mma,Fit Plus MMA,,"Halifax, Nova Scotia, Canada",,
5639-skywalker-101-boxing-academy,Skywalker 101 Boxing Academy,,"Omaha, NE",,
5656-cbt-muay-thai,StrKings,CBT,"Killeen, Texas",,
566-mississauga-elite-training-centre,Mississauga Elite MMA and Fitness,Mississauga Elite Training Centre,"Mississauga, Ontario, Canada",,
567-house-of-champions-mma,House of Champions MMA,,"Hamilton, Ontario, Canada",,
568-sixth-sense-mma,SBG South Shields,Straight Blast Gym South Shields,"South Shields, England",3324-sbg-mainline,SBG Manchester
5697-tucson-brazilian-jiu-jitsu,Tucson Brazilian Jiu Jitsu,,"Tucson, Arizona",,
5699-dominate-mma,Dominate MMA,,"Sahuarita, Arizona",,
57-luttrells-mma,Luttrell's MMA,,"Rio Rancho, New Mexico",,
5759-gracie-tampa-south,Gracie Tampa South,,"Tampa, Florida",,
576-titans-mma,Titans MMA,,"Halifax, Nova Scotia, Canada",,
5784-vitor-team-shaolin,Vitor Team Shaolin,NR Gym,"La Louvière, Belgium",,
579-combative-sports-center,Combative Sports Center,CSC,"Manhattan, Kansas",,
5821-team-chapa-quente,Team Chapa Quente,,"Mantes-la-jolie, Yvelines, France",,
585-disorderly-conduct,Disorderly Conduct,DCMMA,"Omaha, Nebraska",,
5852-808-top-team,808 Top Team,,Pearl City,,
586-elite-performance-mma,Elite Performance MMA,,"Omaha, Nebraska",,
5871-algeo-mma-and-kickboxing,Algeo MMA and Kickboxing,,"King of Prussia, Pennsylvania",,
588-mid-america-martial-arts,Mid-America Martial Arts,Midamerica,"Omaha, Nebraska",,
5882-mma-kegi,MMA-KEGI,,"Moscow, Russia",,
5884-resilience-training-centre,Resilience Training Centre,,"Footscray, VIC, Australia",,
5894-team-renegade-bjj,Team Renegade BJJ,,"Birmingham, England",,
592-303-training-center,303 Training Center,,"Westminster, Colorado",,
5936-danny-hazan-academy,Danny Hazan Academy,,"Ramot Naftali, Israel",,
5943-tri-force-jiu-jitsu-academy,JAPAN TOP TEAM,"トライフォース, Tri-Force Jiu-Jitsu Academy, Tri-Force Ikebukuro, Triforce Akasaka","Toshima, Tokyo, Japan",,
597-altitude-mma,Altitude MMA,,"Colorado Springs, Colorado",,
5973-fighter-house,Fighter House,Roger Gracie Academy Kaunas,"Kaunas, Lithuania",,
5980-killer-b-combat-sports,Killer B Combat Sports,,"Oakhurst, New Jersey",,
6-gumi-mma,Team Hon,"구미MMA 팀혼, Gumi MMA Team Hon","Gumi, South Korea",2988-john-frankl-brazilian-jiu-jitsu,John Frankl Brazilian Jiu Jitsu
60-jacksons-mma,Jackson Wink MMA Academy,"Jackson's MMA, Jackson-Wink","Albuquerque, New Mexico",,
6001-vida-bjj,Vida Brazilian Jiu Jitsu Academy,Vida BJJ,"Barrigada, Guam",,
6016-monster-gym,Monster Gym,,"Prague, Czech Republic",,
6025-ufc-gym-dusseldorf,UFD Gym,,"Dusseldorf, Germany",,
603-colorado-bjj,Colorado BJJ,Colorado Brazilian Jiu Jitsu,"Denver, Colorado",,
6036-academia-fight-house,Academia Fight House,Team Velame,"Fiera De Santana, Bahia, Brazil",,
6088-lions-gym,Lions Gym,,"Coventry, England",,
6090-forja-v2-mma-school,Forja V2 MMA School,,Brazil,,
61-long-island-mma,Long Island MMA,,"Farmingdale, New York",,
611-elevation-fight-team,Elevation Fight Team,,"Denver, Colorado",,
6110-rvca,RVCA,Parillo Boxing,"Costa Mesa, California",,
6118-ld-fighters,LD Fighters,,Exmouth,,
612-factoryx-muay-thai,factoryX Muay Thai,Factory X MMA BJJ,"Englewood, Colorado",,
614-freedom-fighters,Freedom Fighters,,"Denver, Colorado",,
6150-batam-fighter-club,Batam Fighter Club,BFC,"Batam, Riau, Indonesia",,
6171-blitz-sport-mma,Blitz Sport MMA,,"Robinson, Texas",,
6173-straight-blast-gym-dublin-24,Holohan Martial Arts,Clan Holohan D24,"Dublin, Ireland",,
6196-corinthians-mma,Corinthians MMA,,"São Paulo, São Paulo, Brazil",,
6197-reinders-team,Reinders MMA,André Reinders MMA Team,"Prague, Czech Republic",,
623-gumm-mma-fitness,Gumm MMA & Fitness,The Training Camp,"Lakewood, Colorado",,
6247-technoboxe,Technoboxe,,Longueil Qc Canada,,
6252-campuzano-mma,Campuzano MMA,Campuzano Martial Arts,"Frisco, Texas",,
6253-elevate,Elevate MMA Academy,,"Durham, North Carolina",,
6269-arnold-brazilian-jujitsu,Arnold Brazilian Jujitsu,,"Arnold, MO",,
627-pariah-mma-fitness,Pariah MMA & Fitness,,"Colorado Springs, Colorado",,
63-american-kickboxing-academy,American Kickboxing Academy,AKA,"San Jose, California",,
6319-gloria-fight-center,Gloria Fight Team,Team Gloria,"Rome, Italy",,
632-shingitai-jujitsu,Shingitai Jujitsu,"Shingitai Jiu-Jitsu, Shingithai","Denver, Colorado",,
6328-forza-combat-sports,Forza Combat Sports,,"Broken Arrow, Oklahoma",,
6330-nick-diaz-academy,Nick Diaz Academy,,"Stockton, California",,
6346-the-forge-mma,The Forge MMA,,"Edmond, Oklahoma",,
636-team-victory,Team Victory,Victory MMA,"Colorado Springs, Colorado",,
6375-lookboonmee-muay-thai-gym,Lookboonmee Muay Thai Gym,ค่ายมวย ลูกบุญมี,"Lam Plai Mat, Buriram, Thailand",,
6380-fortis-mma,Fortis MMA,,"Dallas, Texas",,
6383-gamebred-academy,Gamebred Academy,,"Brisbane, QLD, Australia",,
64-fit-nhb,Fit NHB,Fit No Holds Barred,"Albuquerque, New Mexico",,
6402-khabarovsk-mma,Khabarovsk MMA,,Khabarovsk. Russia,,
645-zingano-bjj,Zingano BJJ,Zingano Brazilian Jiu Jitsi,"Broomfield, Colorado",,
6464-gym-o,Gym-O,Gym 0,"Gastonia, North Carolina",,
648-pancrase-gym-sweden,Pancrase Gym Sweden,,"Stockholm, Sweden",,
649-crossfight-paris,MMA Factory,,"Paris, France",,
65-pinnacle-mma,Pinnacle MMA,"Pinnacle Jiu-Jitsu & MMA, Pinnacle Fighting Systems","Redlands, California",,
652-sausset-fightteam,Sausset FightTeam,Team SFT13,"Sausset-les-Pins, France",,
6580-fight-science-mma,Fight Science MMA,,"Los Angeles, California",,
66-mash-fight-team,Mash Fight Team,,"Farmington Hills, Michiga",,
6605-cies-mma,Cies MMA,,"Colorado Springs, Colorado",,
662-victory-combat-academy,Victory Combat Academy,,"Stoughton, Massachusetts",,
6630-red-schafer-mma,Red Schafer MMA,,"Milwaukee, Wisconsin",,
665-bellmore-kickboxing-mma,Bellmore Kickboxing MMA,Bellmore Kickboxing Academy,"Bellmore, New York",,
6653-pedro-bessa,Pedro Bessa BJJ,,South Wales,,
6661-hard-knocks-365,Hard Knocks 365,,"Fort Lauderdale, Florida",,
6675-thai-brasil-floripa,Thai Brasil Floripa,,"Florianópolis, Santa Catarina, Brazil",9267-thai-brasil,Thai Brasil
6676-as-team,A.S TEAM,,"Florianópolis, Santa Catarina, Brazil",,
668-daddis-mixed-martial-arts-academy,Daddis Mixed Martial Arts Academy,"Daddis MMA, Daddis FC, Daddis Fight Camps","Philadelphia, Pennsylvania",,
6683-chiquerim-team,Chiquerim Team,,"Fortaleza, Ceara, Brazil",,
6687-bmf-ranch,BMF Ranch,,"Edgewood, New Mexico",,
6695-combat-brothers,Combat Brothers,,"Breda, The Netherlands",,
67-reign-mma,Reign MMA,Reign Training Center,"Lake Forest, California",,
671-bjj-united,BJJ United,,"Jenkintown, Pennsylvania",,
6717-gracie-jiu-jitsu-smeaton-grange,Gracie Jiu-Jitsu Smeaton Grange,Gracie BJJ Australia,"Camden Council, New South Wales, Australia",,
672-ricardo-almeida-jiu-jitsu,Ricardo Almeida Jiu Jitsu,Ricardo Almeida BJJ,"Robbinsville, New Jersey",,
6720-ignite-martial-arts-academy,Ignite Martial Arts Academy / Dunstandeathsquad,,"Caloundra, Queensland, Australia",,
677-pitbull-martial-arts-center,Pitbull Martial Arts Center,PMAC,"Lima, Peru",,
678-mma-gold-fight-team,MMA Gold Fight Team,,"El Dorado Hills, California",,
6802-xtremefitness-machala,Xtreme Fitness Machala,,"Machala, Ecuador",,
681-canadian-fighting-center,Canadian Fighting Center,Canadian Fighting Centre,"Winnipeg, Manitoba, Canada",,
6822-10th-planet-jiu-jitsu-jacksonville,10th Planet Jiu Jitsu Jacksonville,,"Jacksonville, FL, USA",228-10th-planet-jiu-jitsu,10th Planet Jiu Jitsu
6827-the-treigning-lab,The Treigning Lab,,"Anaheim, California",,
6848-fighting-titans-suriname,Fighting Titans Suriname,,"Paramaribo, Suriname",,
685-legends-training-centre,Legends Training Centre,Legends Training Center,"Edmonton, Alberta, Canada",,
6852-checkmat-vancouver,Checkmat Vancouver,,"Richmond, British Columbia",,
686-ottawa-academy-of-martial-arts,Ottawa Academy of Martial Arts,OAMA,"Ottawa, Ontario, Canada",,
687-rothwell-mma,Rothwell MMA,Ben Rothwell Mixed Martial Arts,"Kenosha, Wisconsin",,
6883-fort-collins-martial-arts-academy,Fort Collins Martial Arts Academy,,"Fort Collins, Colorado",,
69-team-hurrican-awesome,Team Hurricane Awesome,San Diego Combat Academy,"San Diego, California",,
690-bruckmann-martial-arts,Bruckmann Martial Arts,,"Oshawa, Ontario, Canada",,
6910-team-jucao-south-gracie-united-walker,Team Jucao South,Gracie United Walker,"Walker, Louisiana",,
693-franco-kickboxing-pankration,Franco Kickboxing Pankration,FKP MMA,"Vancouver, British Columbia, Canada",,
696-xtreme-couture-toronto,Xtreme Couture Toronto,,"Toronto, Ontario, Canada",724-xtreme-couture,Xtreme Couture
6967-china-team,China Team,,"Sao Paulo, Brazil",,
6968-babuino-gold-team,Babuino Gold Team,,"Sao Paulo, Brazil",,
7000-regiment-training-center,Regiment Training Center,,"Fall River, Massachusetts",,
7011-shandas-devjee,Shandas Devjee,Шандас Дэвжээ,"Ulaanbaatar, Mongolia",,
702-patenaude-kung-fu-quebec-city,Patenaude Kung Fu - Quebec City,,"Quebec City, Quebec, Canada",700-fang-shen-do,Fang Shen Do
7041-law-school-mma,Law School MMA,,"Cordova, Tennessee",,
7048-rio-fighters,Rio Fighters,Milton Vieira,"Rio de Janeiro, Rio de Janeiro, Brazil",,
7062-all-sports-academy,All Sports Academy,,"Hradec Králové, Czech Republic",,
710-whitsunday-martial-arts,Whitsunday Martial Arts,WMA MMA,"Airlie Beach, Queensland, Australia",,
713-jeremy-horns-elite-performance-fitness-gym,Jeremy Horn's Elite Performance,Jeremy Horn's MMA,"West Jordan, Utah",,
7146-savage-fight-club,Savage Fight Club,,"Petaling Jaya, Selangor, Malaysia",,
7158-pardoel-sports,Pardoel Sports,,"Oss, Holland",,
717-the-pit,The Pit,,"San Luis Obispo, California",,
7174-w4r-training-center,WAR Training Center,,"Tomball, Texas",,
718-the-pit-elevated-fight-team,The Pit Elevated Fight Team,,"Orem, Utah",717-the-pit,The Pit
7184-evolucao-thai-mma,Evolução Thai MMA,Evolução Thai Brasil,"Curitiba, Parana, Brazil",,
7191-ufc-gym-costa-mesa,UFC Gym Costa Mesa,,"Costa Mesa, California",4276-ufc-gym,UFC Gym
72-von-jiu-jitsu,Von Jiu Jitsu,군포 본 주짓수,"Gunpo, South Korea",,
722-cobra-kai-jiu-jitsu,Cobra Kai Jiu Jitsu,Marc Laimon's Cobra Kai,"Las Vegas, Nevada",,
723-drysdale-jiu-jitsu,Drysdale Jiu Jitsu,Robert Drysdale BJJ,"Las Vegas, Nevada",,
7235-fearless-mma,Fearless MMA,,Birmingham England,,
724-xtreme-couture,Xtreme Couture,Extreme Couture,"Las Vegas, Nevada",,
7250-bk-arkhangel-mikhail,BK Arkhangel Mikhail,Fight club Archangel Michael,"Yekaterinburg, Russia",,
727-one-kicks-gym,One Kick's Gym,One Kick Nick's,"Las Vegas, Nevada",,
728-reno-academy-of-combat,Reno Academy of Combat,,"Reno, Nevada",,
7293-anchorage-brazilian-jiu-jitsu,Anchorage Brazilian Jiu Jitsu,,"Anchorage, Alaska",,
730-syndicate-mma,Syndicate MMA,,"Las Vegas, Nevada",,
7325-headkicks-mma,Headkicks MMA,,"Lafayette, Louisiana",,
7332-citadel-martial-arts-fitness,Citadel Martial Arts & Fitness,,"Boston, Massachusetts",,
734-wand-fight-team,Wand Fight Team,,"Las Vegas, Nevada",,
735-underdog-brazilian-jiu-jitsu,Underdog Mixed Martial Arts,"Underdog BJJ, Clube de Jiu-Jitsu","West Hartford, Connecticut",,
7354-f-a-f-gym,F A F Gym,FAF Gym Kickboxing,"Holbrook, Massachusetts",,
7365-10th-planet-jiu-jitsu,10th Planet Jiu Jitsu Tucson,,"Tucson, Arizona",228-10th-planet-jiu-jitsu,10th Planet Jiu Jitsu
7370-next-generation-mma-world-hq,Next Generation MMA World HQ,,"Frisco, Texas",,
738-barnett-taekwondo-academy,Barnett Taekwondo Academy,,"Athens, Ga, Usa",,
739-unrivaled-athletics,Unrivaled Athletics,,"Camp Hill, Pennsylvania",,
7390-redline-tc,Redline TC,,"Malmö, Sweden",,
7400-coach-quan-university,Coach Quan University,,"Johannesburg, South Africa",,
741-team-bodyshop-mma,Team Bodyshop MMA,Body Shop Fitness,"Lakewood, California",,
744-constrictor-team,Constrictor Team,,"Brasilia, Brazil",,
745-pellegrino-mixed-martial-arts,Pellegrino Mixed Martial Arts,Kurt Pellegrino's MMA Training Center,"Belmar, New Jersey",,
746-magnus-martial-arts-erina,Magnus Martial Arts Erina,Magnus MMA,"Erina, New South Wales, Australia",,
7510-teixeira-mma-fitness,Teixeira MMA & Fitness,,"Bethel, Connecticut",,
7529-cerrado-mma,Cerrado MMA,,"Brasilia, Brazil",,
7537-you-fight-sports,Fight Sports Deerfield Beach,You Fight Sports,"Deerfield Beach, Florida",,
7556-frontline-muay-tha,Frontline Muay Thai,,"Oslo, Norway",,
7590-niagara-top-team,Niagara Top Team,,"Niagara Falls, Ontario, Canada",,
7606-oklahoma-martial-arts-academy,Oklahoma martial arts academy,,"Edmond, Oklahoma",,
7607-rcc-academy,RCC Academy,,"Yekaterinburg, Russia",,
7614-american-top-team-rome,American Top Team Rome,ATT Rome,"Rome, Italy",29-american-top-team,American Top Team
7641-team-bigi-boy,Team Bigi Boy,,Suriname,,
7651-hybrid-mma,Hybrid MMA,,Hong Kong,,
7678-mxp-fitness,MXP Fitness,,"Stirling, Scotland",,
768-adrenaline-combat-sports,Adrenaline Combat Sports,Adrenaline FC,"San Bernardino, California",,
769-aguirres-fighting-systems,Aguirre's Fighting Systems,AFS,"Fontana, California",,
7693-pittsburgh-academy,The Academy Pittsburgh,The Academy: Pittsburgh MMA & Fitness,"Pittsburgh, Pennsylvania",,
7697-la-onda-fight-club,La Onda Sportakademie,,"Magdeburg, Germany",,
7698-39er-kampfkunst-schule,39er Kampfkunst Schule,,"Magdeburg, Germany",,
7699-crossfit-differ,CrossFit Differ,,"Magdeburg, Germany",,
770-all-in-mma,All in MMA,,"Buena Park, California",,
7710-defwar-darkside,DEFWAR,Defiant Warrior Martial Arts,"Tampa, Florida",,
772-antdawgs-mma,AntDawg's MMA,,"Gilroy, California",,
773-arena-mma,The Arena MMA,,"San Diego, California",,
7743-aspire-combat-sports-academy,Aspire Combat Sports Academy,,"Liverpool, England",,
776-bas-ruttens-elite-mma,Bas Rutten's Elite MMA,,"Westlake Village, California",,
7775-start-bjj,Start BJJ,,"St. Cloud, Minnesota",,
778-big-john-mccarthys-ultimate-training-academy,Big John McCarthy's Ultimate Training Academy,BJMUTA,"Valencia, California",,
779-black-house-mma,Black House MMA,,"Gardena, California",98-team-nogueira,Team Nogueira
780-cage-combat-academy,Cage Combat Academy,CCA,"Victorville, California",,
781-capital-city-fighting-alliance,Capital City Fighting Alliance,CCFA,"Sacramento, California",,
7815-port-city-mma,Port City Combat Sports,Port City MMA,"Mobile, Alabama",,
783-cesar-gracie-jiu-jitsu,Cesar Gracie Jiu Jitsu,Team Cesar Gracie,"Lodi, California",,
785-chute-boxe-long-beach,Chute Boxe Long Beach,,"Long Beach, California",9533-chute-boxe,Chute Boxe
786-city-boxing,City Boxing,,"San Diego, California",,
7872-symmetry-fitness,Symmetry Fitness,,"Fort Lauderdale, Florida",,
788-combat-sports-academy,Combat Sports Academy,CSA Gym,"Dublin, California",,
7890-southside-mma,Southside Brazilian Jiu-Jitsu,Southside MMA,"Burleigh Heads, Queensland, Australia",,
7891-matrix-boxing-gym,Matrix Boxing Gym,,"Gold Coast, Queensland, Australia",,
7900-sbg-bishop-auckland,SBG Bishop Auckland,Straight Blast Gym Bishop Auckland,"Bishop, Auckland, England",36-straight-blast-gym-ireland,SBG Ireland
791-cortez-martial-arts,Cortez Full Circle Martial Arts Academy,"Cortez BJJ, Cortez Martial Arts","Lathrop, California",,
7917-arena-gym,Arena Gym,,"San Diego, California",,
7919-new-millenium-martial-arts-conditioning,New Millenium Martial Arts & Conditioning,,"Mebane, North Carolina",,
7920-inner-city-youth-boxing-center,Inner City Youth & Boxing Center,,"Durham, North Carolina",,
7921-embrace-martial-arts,Embrace Martial Arts,,"Wake Forest, North Carolina",,
7936-life-mma,LIFE MMA,,"Feira de Santana, Bahia, Brazil",,
794-cung-les-mma,Cung Le's MMA,Cung Le's Universal Strength Headquarters,"San Jose, California",,
7961-jackson-s-mma-acoma,Jackson's MMA Acoma,,"Albuquerque, New Mexico",60-jacksons-mma,Jackson Wink MMA Academy
7988-immortal-martial-arts-center,Immortal Martial Arts Center,,"Lewis Center, Ohio",,
8-ankos-zapasy-pozna,Ankos MMA Poznań,Ankos Zapasy,"Poznań, Poland",,
8000-cm-system,CM System,,"Curitiba, Brazil",,
801-dynamix-mma,Dynamix MMA,,"Los Angeles, California",,
8016-hardywallhead-mma,HW1 MMA,,"Leicestershire, England",,
802-el-nino-training-center,El Niño Training Center,Skrap Pack,"San Francisco, California",,
8021-legacy-mma-brazilian-warriors,Legacy MMA / Brazilian Warriors,Legacy MMA Puebla,"Puebla de Zaragoza, Mexico",,
804-entram-gym,Entram Gym,,"Tijuana, Baja California, Mexico",,
8093-american-top-team-portland,American Top Team Portland,ATT Portland,"Portland, Oregon",29-american-top-team,American Top Team
812-fight-ugly,Fight Ugly,,"San Diego, California",,
8125-carlson-gracie-riverside,Carlson Gracie Riverside,,"Riverside, California",,
8145-trifecta-mma,Trifecta MMA,,"Visalia, California",,
8152-kops-gym,Kops Gym,,"Amsterdam, Noord-Holland, The Netherlands",,
8168-china-catch-wrestling-ccw,China Catch Wrestling,"Red Star Wrestling Academy, 昆明红星摔跤学院","Kunming, Yunnan, China",,
817-faito-tamashii-combat-club,Faito Tamashii Combat Club,FTCC,"Daly City, California",,
8175-lilius-barnatt-martial-arts,Lilius Barnatt Martial Arts,,"Torremolinos, Málaga, España",,
820-allstar-brazilian-jiu-jitsu,Allstar Brazilian Jiu-Jitsu,,"Kenilworth, New Jersey",,
8213-skill-of-strength,Skill of Strength,,"Chelmsford, Massachusetts",,
8214-secutor-mma,Secutor MMA,Renzo Gracie - Secutor Academy,"Belgrade, Serbia",,
822-tiger-schulmanns-mixed-martial-arts,Tiger Schulmann's Mixed Martial Arts,,"Elmwood Park, New Jersey",,
8223-camp-fight,Camp Fight,,"Cape Town, Western Cape, South Africa",,
824-knuckleheadz-mma,Knuckleheadz Boxing,Knuckleheadz MMA,"Ventura, California",,
8257-salty-dog-jiu-jitsu,Salty Dog Jiu Jitsu,,"Wilmington, North Carolina",,
8261-one-team,One Team Fighting Center,,"Ulaanbaatar City, Mongolia",,
8263-team-champion,Team Champion,,"Cape Town, Western Cape, South Africa",,
827-glendale-fighting-club,Glendale Fighting Club,GFC,"Glendale, California",,
829-gracie-barra-encino,Gracie Barra Encino,,"Encino, California",271-gracie-barra,Gracie Barra
83-team-question-thailand,Team Quest Thailand,,"Chiang Mai, Thailand",902-team-quest,Team Quest
831-gracie-humaita,Gracie Humaita,,"San Diego, California",,
834-hayastan-mma,Hayastan MMA,,"North Hollywood, California",,
8362-manchester-predators,Manchester Predators,Predators Mixed Martial Arts And Brazilian Jiu Jitsu Academy,"Manchester, England",,
841-joe-stevensons-cobra-kai,Joe Stevenson's Cobra Kai,,"Victorville, California",722-cobra-kai-jiu-jitsu,Cobra Kai Jiu Jitsu
842-jokers-mma,Jokers MMA,,"Laguna Hills, California",,
844-kemos-fight-factory,Kemo's Fight Factory,,"Lancaster, California",,
845-kings-mma,Kings MMA,,"Huntington Beach, California",,
8486-great-britain-top-team,Great Britain Top Team,GBTT,"London, England",,
849-last-stand-fight-team,Last Stand Fight Team,"Sonora MMA, Oakdale MMA","Sonora, California",,
85-wai-kru-allston,Wai Kru,,"Allston, Massachusetts",,
850-legends-mma,Legends MMA,,"Los Angeles, California",,
851-lightning-mma,Lightning MMA,,"Laguna Hills, California",,
8510-vila-da-luta,Vila da Luta,,"São Paulo, Brazil",,
852-lost-boys-jiu-jitsu-and-muay-thai,Lost Boys Jiu Jitsu and Muay Thai,,"Arcata, California",,
8558-team-compton-training-centre,Team Compton Training Centre,,"Brisbane, Australia",,
856-milennia-mma,Millennia MMA,Milennia Mixed Martial Arts,"Rancho Cucamonga, California",,
8565-kotwica-mma-team,Kotwica MMA Team,,"Kraków, Poland",,
8603-agoge-combatives,Agoge Combatives,,"Chattanooga, Tennessee",,
863-nor-cal-fighting-alliance,Nor-Cal Fighting Alliance,NCFA,"Santa Rosa, California",,
8649-pete-spratt-muay-thai,Spratt Hybrid Systems,,"San Antonio, Texas",,
8676-zenith-mma,Zenith MMA,,"Las Vegas, Nevada",,
870-pro-buhawa,Pro Buhawe,,"Fresno, California",,
8712-gintas-combat,Gintas Combat,,England,,
881-shark-tank-mma,Shark Tank MMA,,"Rancho Cucamonga, California",,
8849-elemental-dojo,Elemental Dojo,,"Temuco, Chile",,
885-socal-fight-factory,SoCal Fight Factory,So Cal Fight Factory,"Palmdale, California",,
8895-all-american-mma-academy,All-American MMA Academy,,"Connellsville, Pennsylvania",,
8896-lg-system,LG System,,"Salvador, Bahia Brazil",,
890-subfighter-mma,SubFighter MMA,,"Laguna Hills, California",,
894-systems-training-center,Systems Training Center,Systems 8,"Hawthorne, California",,
895-tapout-la,Tapout LA,Tapout Los Angeles,"Los Angeles, California",731-tapout-training-center,Tapout Training Center Las Vegas
898-team-ochoa,Team Ochoa,Ochoa Training Center,"Lemoore, California",,
899-team-oyama,Team Oyama,,"Irvine, California",,
8998-powell-s-martial-arts-complex,Powell’s Martial Arts Concepts,,"Chattanooga, Tennessee",,
9-gracie-barra-d,Gracie Barra Łódź,GBŁ,"Łódź, Poland",271-gracie-barra,Gracie Barra
901-team-punishment,Team Punishment,Punishment Training Center,"Huntington Beach, California",,
902-team-quest,Team Quest,Team Quest Murrieta,"Murrieta, California",,
903-team-quest-encinitas,Team Quest Encinitas,,"Encinitas, California",902-team-quest,Team Quest
9099-niceguy-submission-fighting,Nice Guy Submission Fighting,,"Evansville, Indiana",,
9102-team-stun-gun,Team Stun Gun,,"Seoul, South Korea",,
9111-team-quest-athletic-center,Team Quest Athletic Center,,"Hemet, California",902-team-quest,Team Quest
915-victory-mma,Victory MMA,Victory Athletics,"San Diego, California",,
9162-the-goat-shed-academy,The Goat Shed,,"Miami, Florida",,
92-ufc-gym-winter-springs,UFC Gym Winter Springs,,"Winter Springs, Florida",4276-ufc-gym,UFC Gym
9202-team-maximo,Team Máximo,Team Maximo,"Araraquara, Sao Paulo, Brazil",,
9213-gile-ribeiro-team,Gile Ribeiro Team,,"Curitiba, Paraná, Brazil",,
9214-noguchi-team,Noguchi Team,CT Noguchi,"Curitiba, Paraná, Brazil",,
9215-ifteam,IFTeam,Império Fight Team,"Barra de São João, Rio de Janeiro, Brazil",,
9216-capital-da-luta,Capital da Luta,,"São Paulo, São Paulo, Brazil",,
9217-top-brother-mma,Top Brother MMA,,"Rio de Janeiro, RJ, Brazil",,
9218-full-house,Full House,,"Belo Horizonte, MG, Brazil",,
9219-five-rounds-brasil,Five Rounds Brasil,,"Brasília, Federal District, Brazil",,
9220-chute-boxe-monstro,Chute Boxe Monstro,Chute Boxe Praça do Japão,"Curitiba, Paraná, Brazil",9533-chute-boxe,Chute Boxe
9221-team-borracha,Team Borracha,,"Contagem, MG, Brazil",,
9222-fronteira-fight-team,Fronteira Fight Team,,"Rivera, Uruguay",,
9223-ribas-family,Ribas Family,,"Varginha, MG, Brazil",,
9224-boca-boxing-district,Boca Boxing District,,"Boca Raton, Florida",,
9226-nova-geracao-muay-thai,Nova Geração Muay Thai,,"Campinas, SP, Brazil",,
9229-baixinho-team,Baixinho Team,,"Rio de Janeiro, RJ, Brazil",,
9233-msp,MSP,,"Rio de Janeiro, Rio de Janeiro, Brazil",,
9237-inside-muay-thai,Inside Muay Thai,,"Braganca Paulista, Sao Paulo, Brazil",,
9239-revira-black-team,Revira Black Team,,"São Paulo, São Paulo, Brazil",,
9248-sanford-mma,Kill Cliff FC,Kill Cliff Fight Club,"Deerfield Beach, Florida",,
9249-team-silverio,Team Silvério,,"São Paulo, Brazil",,
9258-rizzo-rvt,Refit Pro Fighters,"Rizzo Ruas Vale Tudo, Usina de Campeões, Rizzo RVT","Rio de Janeiro, RJ, Brazil",,
9263-renovacao-coari-team,Renovação Coari Team,RCT,"Coari, Amazonas, Brazil",,
9266-thaiunit,ThaiUnit,Thai Unit,"São Paulo, São Paulo, Brazil",,
9267-thai-brasil,Thai Brasil,,"Curitiba, Paraná, Brazil",,
9270-team-figueiredo,Team Figueiredo,,"Belém, Pará, Brazil",,
9271-gor-mma,GOR MMA,,"Moscow, Russia",,
9285-vale-top-team,Vale Top Team,VTT,"Taubate, Sao Paulo, Brazil",,
929-zugec-ultimate-martial-arts,Zugec Ultimate Martial Arts,ZUMA,"Victoria, British Columbia, Canada",,
9292-academia-champion,Academia Champion,Champion Team,"Salvador, Bahia, Brazil",,
9296-wanshi-fight-gym,Wanshi Fight Gym,Wanshi Fight Fitness Center,"Hebei, China",,
9303-xinjiang-fight-gym,Sunkin Fight,"青岛鑫江, Xinjiang MMA Club, Xinjiang Fight Gym","Pattaya, Thailand",,
9315-arlan-mma-pro-team,Arlan MMA Pro Team,,"Almaty, Kazakhstan",,
9319-elevate-mma,Elevate MMA,,"Jacksonville Beach, Florida",,
932-toshido-mma,Toshido MMA,,"Kelowna, British Columbia, Canada",,
9335-team-thriving-training-center,Team Thriving Training Center,,"Heerlen, Limburg, The Netherlands",,
938-maximum-training-centre,Maximum Training Centre,,"Windsor, Ontario, Canada",,
9382-ultimate-submission-academy,Ultimate Submission Academy,,"San Antonio, Texas",,
939-united-fighter-mma,United Fighter MMA,,"Kenora, Ontario, Canada",,
9394-roxo-strike-team,Roxo Strike Team,Roxo ST,"Belem, Para, Brazil",,
9410-marajo-brothers-mma,Marajó Brothers Team,"Marajo Brothers, Marajó Brothers MMA","Belem, Para, Brazil",,
9413-shore-mixed-martial-arts,Shore Mixed Martial Arts,Shore MMA,"Abertillery, Blaenau Gwent, Wales",,
9439-mutant-mma,Mutant MMA,Gregor Gracie Jiu-Jitsu,"Oceanside, New York",,
944-titans-academy,Titans Academy,,"Montreal, Quebec, Canada",,
9459-avalanche-wrestling,Garage Crew,,"Anchorage, Alaska",,
9460-ak-49-martial-arts,AK-49 Martial Arts,,"Soldotna, Alaska",,
947-fight-move-academy-switzerland,Fight Move Academy,,"Neuchatel, Switzerland",,
9470-indio-dojo,Indio Dojo,,"Pittsburgh, Pennsylvania",,
9479-team-bronx,Team Bronx,,"Curitiba, Parana, Brazil",,
948-free-fight-academy,Free Fight Academy,FFA,France,,
9496-uulu-kyrgyz-team,Uluu Kyrgyz Team,,"Osh, Kyrgyzstan",,
9499-team-quannum,Team Quannum,,"Huddersfield, England",,
95-twin-wolves-mma,Twin Wolves MMA,TWMMA,"Harker Heights, Texas",,
9514-climent-club,Climent Club,,"Alicante, Spain",,
952-gracie-barra,Gracie Barra Portland,,"Portland, Oregon",271-gracie-barra,Gracie Barra
9532-chute-boxe-bauru,Chute Boxe João Emilio,Chute Boxe Bauru,"Bauru, Sao Paulo, Brazil",9533-chute-boxe,Chute Boxe
9534-gracie-barra-curitiba,Gracie Barra Curitiba,,"Curitiba, Parana, Brazil",,
9539-ct-allan-popeye,CT Allan Popeye,Team Popeye,"Sao Caetano do Sul, Sao Paulo, Brazil",,
954-maxum-brazilian-jiu-jitsu,Maxum Brazilian Jiu Jitsu,,"Bohemia, New York",,
955-budokan-martial-arts-academy,Budokan Martial Arts Academy,,"Lynnbrook, New York",,
9554-panda-kickboxing-grappling,Panda Kickboxing & Grappling,,"Oklahoma City, Oklahoma",,
9555-legacy-martial-arts,Legacy Martial Arts,,"Oklahoma City, Oklahoma",,
956-team-top-notch,Team Top Notch,Top Notch Fight Team,"Villa Park, Illinois",,
9628-vos-gym-amsterdam,Vos Gym Amsterdam,,"Amsterdam, Netherlands",,
963-michigan-top-team,Michigan Top Team,,"Southfield, Michigan",,
964-oplot,Oplot,Sport Club Oplot,"Kharkiv, Ukraine (temporarily Moscow, Russia)",,
9644-hulett-house-mma,Hulett House MMA,,"Columbia, Missouri",,
9646-dyincredible-fighting-and-fitness-center,DYincredible Fighting and Fitness Center,,"Santa Fe, Dasmariñas, Calabarzon, Philippines",,
9658-base-training-centre,Base Training Centre,,"North Brisbane, Queensland, Australia",,
9681-pound-4-pound,Pound 4 Pound Muay Thai,,"Englewood, Colorado",,
97-kukje-gym,Kukje Gym/Ryeong Promotions,국제체육관/령프로모션/kukjegym/ryeong promotion International Gym,"Seoul, South Korea",,
971-team-curran-mma,Team Curran MMA,,"Crystal Lake, Illinois",,
9711-cobrinha-bjj-academy-las-vegas,Cobrinha BJJ Academy Las Vegas,,"Las Vegas, Nevada",,
977-complete-fitness-and-martial-arts,Complete Fitness and Martial Arts,,"St Albert, Alberta, Canada",,
9783-rogo-team,Rogo Team,Shaolin Pai,"Tucuman, Argentina",,
98-team-nogueira,Team Nogueira,,"Rio de Janeiro, Rio de Janeiro, Brasil",,
9804-wanderley-jiu-jitsu,Wanderley Jiu-Jitsu,,"Wauwatosa, Wisconsin",,
9829-shogun-team,Shogun Team,,"Curitiba, Parana, Brazil",,
9837-synergy-martial-arts-academy,Synergy Martial Arts Academy,"SMAA, Soul Fighters Louisiana","Bossier City, Louisiana, USA",,
9862-luistro-combat-academy,Luistro Combat Academy,,"Perth, Australia",,
9879-team-felipe-rego,Team Felipe Rego,,"Manaus, Amazonas, Brazil",,
99-tiger-muay-thai,Tiger Muay Thai,"TMT, Tiger Muay Thai & MMA","Phuket, Thailand",,
9964-pohang-team-mad,Pohang Team MAD,포항 Team MAD,"Pohang, South Korea",5-busan-team-mad,Busan Team MAD
9988-kickside-martial-arts,Kickside Martial Arts,,"Princeton, New Jersey",,
